rank,incomePerSec,Common,Rare,Legendary
1,1,3,7,10
2,2,6,16,21
3,3,11,25,34
4,4,17,36,49
5,5,24,48,65
6,6,32,61,82
7,7,43,75,101
8,8,54,90,122
9,9,68,106,144
10,10,140,207,280
11,12,243,340,462
12,14,361,505,686
13,16,501,701,952
14,18,663,928,1260
15,20,847,1186,1610
16,22,1054,1476,2003
17,24,1283,1797,2438
18,26,1535,2149,2917
19,28,1810,2533,3438
20,30,2134,2987,4053
21,33,2562,3586,4866
22,36,3030,4240,5755
23,39,3538,4951,6719
24,42,4086,5718,7760
25,45,4675,6542,8878
26,48,5305,7422,10073
27,51,5977,8361,11347
28,54,6690,9357,12699
29,57,7445,10412,14131
30,60,8972,12546,17027
31,64,10718,14985,20337
32,68,12539,17529,23789
33,72,14425,20162,27362
34,76,16365,22867,31034
35,80,18346,25630,34783
36,84,20357,28432,38586
37,88,22386,31258,42421
38,92,24421,34089,46264
39,96,26450,36910,50092
40,100,28460,39702,53882
41,105,30731,42856,58161
42,110,32971,45963,62378
43,115,35164,49000,66500
44,120,37291,51943,70495
45,125,41876,58304,79127
46,130,46399,64571,87631
47,135,50823,70689,95935
48,140,55107,76604,103963
49,145,59210,82257,111634
50,150,66407,92194,125120
51,156,74576,103463,140413
52,162,83340,115535,156797
53,168,92730,128451,174326
54,174,102780,142256,193061
55,180,113527,156995,213065
56,186,125011,172720,234406
57,192,137272,189483,257155
58,198,150356,207340,281390
59,204,164309,226353,307193
60,210,179181,246583,334648
61,217,195929,269340,365533
62,224,213810,293593,398448
63,231,232889,319426,433506
64,238,253236,346925,470827
65,245,274926,376185,510537
66,252,298037,407304,552770
67,259,322652,440386,597667
68,266,348859,475541,645377
69,273,376751,512884,696056
70,280,406426,552537,749872
71,288,439513,596701,809809
72,296,474752,643645,873518
73,304,512268,693524,941211
74,312,552194,746501,1013109
75,320,594668,802750,1089446
76,328,639840,862450,1170469
77,336,687863,925794,1256435
78,344,738902,992981,1347617
79,352,793130,1064222,1444301
80,360,850727,1139738,1546788
81,369,914363,1223078,1659891
82,378,982001,1311479,1779865
83,387,1053868,1405219,1907083
84,396,1130203,1504588,2041941
85,405,1211259,1609889,2184850
86,414,1297300,1721443,2336245
87,423,1388604,1839584,2496579
88,432,1485464,1964664,2666330
89,441,1588186,2097051,2845998
90,450,1666807,2197272,2982012
91,461,1755800,2310858,3136164
92,472,1848037,2428385,3295665
93,483,1943596,2549941,3460634
94,494,2042554,2675615,3631192
95,505,2144992,2805498,3807462
96,516,2250990,2939682,3989568
97,527,2360629,3078259,4177637
98,538,2473993,3221324,4371797
99,549,2591166,3368971,4572176
100,560,2958798,3841417,5213351
101,574,3111474,4033887,5474560
102,588,3269425,4232701,5744380
103,602,3432769,4437995,6022994
104,616,3601627,4649906,6310587
105,630,3776121,4868571,6607347
106,644,3956376,5094132,6913464
107,658,4142516,5326729,7229132
108,672,4334670,5566508,7554546
109,686,4532965,5813613,7889903
110,700,4737533,6068192,8235403
111,717,4969299,6356993,8627348
112,734,5208596,6654772,9031476
113,751,5455586,6961708,9448032
114,768,5710432,7277986,9877267
115,785,5973298,7603792,10319432
116,802,6244351,7939313,10774783
117,819,6523761,8284741,11243577
118,836,6811698,8640268,11726077
119,853,7108337,9006088,12222548
120,870,7413853,9382400,12733257
121,891,7763276,9813459,13318266
122,912,8123488,10257277,13920590
123,933,8494709,10714098,14540562
124,954,8877161,11184172,15178520
125,975,9271068,11667752,15834806
126,996,9676657,12165091,16509767
127,1017,10094159,12676449,17203752
128,1038,10523806,13202086,17917117
129,1059,10965835,13742267,18650219
130,1080,11420485,14297259,19403422
131,1107,11952781,14948352,20287050
132,1134,12500899,15618029,21195897
133,1161,13065147,16306635,22130433
134,1188,13645836,17014517,23091130
135,1215,14243284,17742029,24078469
136,1242,14857808,18489529,25092933
137,1269,15489733,19257378,26135013
138,1296,16139385,20045940,27205204
139,1323,16807096,20855586,28304009
140,1350,17493201,21686689,29431935
141,1383,18277332,22637839,30722781
142,1416,19083676,23614908,32048804
143,1449,19912647,24618359,33410631
144,1482,20764663,25648658,34808893
145,1515,21640148,26706276,36244231
146,1548,22539528,27791690,37717293
147,1581,23463239,28905383,39228733
148,1614,24411718,30047841,40779213
149,1647,25385407,31219559,42369402
150,1680,26380811,32416191,43993402
151,1722,27545926,33819398,45897755
152,1764,28742579,35259189,47851757
153,1806,29971322,36736176,49856238
154,1848,31232712,38250976,51912038
155,1890,32527313,39804214,54020005
156,1932,33855694,41396523,56180995
157,1974,35218429,43028538,58395874
158,2016,36616101,44700906,60665515
159,2058,38049297,46414275,62990802
160,2100,39518611,48169304,65372627
161,2153,41235319,50223254,68160130
162,2206,42996793,52328866,71017746
163,2259,44803788,54486974,73946607
164,2312,46657063,56698420,76947856
165,2365,48557388,58964055,80022646
166,2418,50505540,61284737,83172144
167,2471,52502303,63661335,86397526
168,2524,54548470,66094722,89699980
169,2577,56644842,68585785,93080709
170,2630,58792228,71135417,96540923
171,2696,61286967,74101834,100566775
172,2762,63844313,77140157,104690213
173,2828,66465278,80251505,108912757
174,2894,69150888,83437008,113235939
175,2960,71902178,86697807,117661310
176,3026,74720191,90035055,122190432
177,3092,77605983,93449916,126824886
178,3158,80560620,96943564,131566265
179,3224,83585179,100517184,136416178
180,3290,86680746,104171974,141376250
181,3373,90303550,108455761,147189962
182,3456,94014212,112840023,153140032
183,3539,97814106,117326273,159228514
184,3622,101704620,121916039,165457481
185,3705,105687155,126610862,171829027
186,3788,109763126,131412300,178345264
187,3871,113933962,136321923,185008324
188,3954,118201104,141341317,191820359
189,4037,122566008,146472084,198783542
190,4120,127030145,151715837,205900065
191,4224,132252504,157859018,214237239
192,4328,137597345,164141713,222763754
193,4432,143066522,170565957,231482371
194,4536,148661903,177133805,240395878
195,4640,154385378,183847329,249507089
196,4744,160238851,190708621,258818842
197,4848,166224246,197719792,268334003
198,4952,172343504,204882972,278055462
199,5056,178598584,212200311,287986136
200,5160,184991465,219673976,298128968
201,5291,192506504,228472052,310069213
202,5422,200192432,237464067,322272662
203,5553,208051751,246652768,334743042
204,5684,216086990,256040925,347484112
205,5815,224300699,265631332,360499665
206,5946,232695452,275426810,373793528
207,6077,241273845,285430204,387369562
208,6208,250038501,295644382,401231661
209,6339,258992063,306072241,415383755
210,6470,268137199,316716700,429829808
211,6635,278905812,329267989,446863699
212,6800,289912113,342088115,464262442
213,6965,301159481,355180776,482031053
214,7130,312651326,368549701,500174594
215,7295,324391086,382198652,518698171
216,7460,336382231,396131425,537606933
217,7625,348628263,410351846,556906076
218,7790,361132714,424863776,576600839
219,7955,373899148,439671109,596696505
220,8120,386931158,454777773,617198406
221,8328,402309619,472628051,641423783
222,8536,418017969,490850274,666153943
223,8744,434060762,509449418,691395639
224,8952,450442592,528430500,717155679
225,9160,467168094,547798581,743440931
226,9368,484241942,567558763,770258321
227,9576,501668854,587716192,797614832
228,9784,519453584,608276059,825517509
229,9992,537600930,629243598,853973454
230,10200,556115731,650624084,882989829
231,10462,577986165,675911583,917308577
232,10724,600312935,701712083,952323541
233,10986,623102167,728032263,988043786
234,11248,646360038,754878860,1024478452
235,11510,670092780,782258664,1061636758
236,11772,694306677,810178524,1099527998
237,12034,719008065,838645346,1138161541
238,12296,744203336,867666091,1177546837
239,12558,769898935,897247777,1217693412
240,12820,796101360,927397482,1258610868
241,13151,827157050,963175883,1307167269
242,13482,858843971,999661954,1356684081
243,13813,891170373,1036864678,1407173491
244,14144,924144574,1074793108,1458647790
245,14475,957774962,1113456374,1511119365
246,14806,992069993,1152863679,1564600707
247,15137,1027038196,1193024298,1619104405
248,15468,1062688168,1233947585,1674643152
249,15799,1099028580,1275642968,1731229742
250,16130,1136041259,1318119948,1788877073
251,16548,1184952374,1368583342,1857363107
252,16966,1235076195,1420020553,1927170751
253,17384,1286431382,1472443638,1998316366
254,17802,1339036769,1525864749,2070816446
255,18220,1392911363,1580296136,2144687613
256,18638,1448074352,1635750146,2219946626
257,19056,1504545096,1692239222,2296610373
258,19474,1562343136,1749775910,2374695878
259,19892,1621488191,1808372850,2454220297
260,20310,1682000160,1868042785,2535200922
261,20838,1753153702,1939034364,2631546637
262,21366,1826007252,2011363579,2729707714
263,21894,1900586079,2085046595,2829706093
264,22422,1976915682,2160099707,2931563888
265,22950,2055021790,2236539336,3035303385
266,23478,2134930363,2314382033,3140947044
267,24006,2216667598,2393644474,3248517501
268,24534,2300259923,2474343468,3358037564
269,25062,2385734003,2556495952,3469530220
270,25590,2473116740,2640118993,3583018633
271,26258,2576170665,2739837808,3718351311
272,26926,2681602625,2841392957,3856176155
273,27594,2789446827,2944806126,3996522600
274,28262,2899737782,3050099171,4139420304
275,28930,3012510304,3157294113,4284899153
276,29598,3127799515,3266413141,4432989263
277,30266,3245640842,3377478615,4583720978
278,30934,3366070024,3490513064,4737124873
279,31602,3489123109,3605539188,4893231755
280,32270,3614836458,3722579857,5052072664
281,33115,3763361953,3862302160,5241695789
282,33960,3915203152,4004540630,5434733712
283,34805,4070406282,4149324322,5631225866
284,35650,4229017966,4296682513,5831211982
285,36495,4391085232,4446644699,6034732091
286,37340,4556655508,4599240596,6241826523
287,38185,4725776629,4754500145,6452535911
288,39030,4898496838,4912453508,6666901190
289,39875,5074864785,5073131073,6884963600
290,40720,5254929534,5236563453,7106764686
291,41791,5468312446,5432157852,7372214227
292,42862,5686312608,5631199899,7642342720
293,43933,5908992501,5833728556,7917203040
294,45004,6136415135,6039783071,8196848454
295,46075,6368644046,6249402984,8481332621
296,47146,6605743306,6462628124,8770709597
297,48217,6847777518,6679498615,9065033835
298,49288,7094811826,6900054873,9364360185
299,50359,7346911911,7124337610,9668743899
300,51430,7604143999,7352387834,9978240632
301,52788,7909577984,7625706612,10349173259
302,54146,8221426896,7903743601,10726509172
303,55504,8539775100,8186551011,11110319229
304,56862,8864707656,8474181432,11500674800
305,58220,9196310321,8766687834,11897647775
306,59578,9534669558,9064123572,12301310562
307,60936,9879872531,9366542385,12711736094
308,62294,10232007115,9673998398,13128997825
309,63652,10591161899,9986546125,13553169741
310,65010,10957426184,10304240471,13984326353
311,66733,11393205791,10676076867,14473255183
312,68456,11837880675,11053724837,14969014799
313,70179,12291564662,11437241930,15471662834
314,71902,12754372491,11826686076,15981257231
315,73625,13226419827,12222115584,16497856252
316,75348,13707823259,12623589145,17021518471
317,77071,14198700306,13031165834,17552302780
318,78794,14699169424,13444905112,18090268390
319,80517,15209350006,13864866823,18635474832
320,82240,15729362393,14291111204,19187981954
321,84428,16349374528,14805240986,19857216559
322,86616,16981702001,15327260369,20535631278
323,88804,17626498310,15857246116,21223302337
324,90992,18283918162,16395275493,21920306370
325,93180,18954117481,16941426262,22626720422
326,95368,19637253413,17495776687,23342621954
327,97556,20333484333,18058405538,24068088838
328,99744,21042969848,18629392090,24803199364
329,101932,21765870807,19208816125,25548032240
330,104120,22502349304,19796757937,26302666592
331,106900,23382055840,20506862998,27217911657
332,109680,24278783996,21227672203,28145490033
333,112460,25192740621,21959287930,29085502547
334,115240,26124134167,22701813215,30038050561
335,118020,27073174687,23455351749,31003235977
336,120800,28040073850,24220007882,31981161239
337,123580,29025044942,24995886628,32971929330
338,126360,30028302882,25783093664,33975643779
339,129140,31050064221,26581735337,34992408664
340,131920,32090547155,27391918664,36022328606
341,135455,33335778721,28371890773,37273262748
342,138990,34604505347,29366380750,38540765298
343,142525,35897005673,30375525149,39824969676
344,146060,37213560446,31399461388,41126010001
345,149595,38554452536,32438327746,42444021100
346,153130,39919966939,33492263369,43779138506
347,156665,41310390791,34561408277,45131498462
348,160200,42726013378,35645903362,46501237926
349,163735,44167126143,36745890395,47888494569
350,167270,45634022702,37861512029,49293406781
351,171770,47393253075,39213210740,51002645387
352,176270,49184883358,40584599475,52734147165
353,180770,51009288867,41975860452,54488088779
354,185270,52866847708,43387177016,56264647810
355,189770,54757940786,44818733654,58064002766
356,194270,56682951817,46270715989,59886333081
357,198770,58642267344,47743310794,61731819118
358,203270,60636276747,49236705992,63600642177
359,207770,62665372258,50751090660,65492984492
360,212270,64729948973,52286655038,67409029241
361,218001,67209923379,54149359132,69742781506
362,223732,69734515952,56038753444,72106439832
363,229463,72304231927,57955081074,74500238154
364,235194,74919580221,59898586612,76924411616
365,240925,77581073450,61869516144,79379196570
366,246656,80289227942,63868117258,81864830586
367,252387,83044563759,65894639051,84381552452
368,258118,85847604710,67949332133,86929602180
369,263849,88698878370,70032448637,89509221011
370,269580,91598916096,72144242222,92120651416
371,276886,95089144975,74709937749,95306264068
372,284192,98640767966,77311811375,98532057864
373,291498,1.02E+11,79950187546,1.02E+11
374,298804,1.06E+11,82625392666,1.05E+11
375,306110,1.10E+11,85337755113,1.08E+11
376,313416,1.13E+11,88087605242,1.12E+11
377,320722,1.17E+11,90875275395,1.15E+11
378,328028,1.21E+11,93701099908,1.19E+11
379,335334,1.25E+11,96565415119,1.22E+11
380,342640,1.29E+11,99468559377,1.26E+11
381,351960,1.34E+11,1.03E+11,1.30E+11
382,361280,1.39E+11,1.07E+11,1.35E+11
383,370600,1.44E+11,1.10E+11,1.39E+11
384,379920,1.49E+11,1.14E+11,1.44E+11
385,389240,1.55E+11,1.18E+11,1.48E+11
386,398560,1.60E+11,1.21E+11,1.53E+11
387,407880,1.65E+11,1.25E+11,1.57E+11
388,417200,1.71E+11,1.29E+11,1.62E+11
389,426520,1.77E+11,1.33E+11,1.67E+11
390,435840,1.82E+11,1.37E+11,1.72E+11
391,447738,1.89E+11,1.42E+11,1.78E+11
392,459636,1.96E+11,1.47E+11,1.84E+11
393,471534,2.03E+11,1.52E+11,1.90E+11
394,483432,2.11E+11,1.57E+11,1.96E+11
395,495330,2.18E+11,1.62E+11,2.02E+11
396,507228,2.25E+11,1.67E+11,2.08E+11
397,519126,2.33E+11,1.72E+11,2.15E+11
398,531024,2.41E+11,1.78E+11,2.21E+11
399,542922,2.48E+11,1.83E+11,2.28E+11
400,554820,2.56E+11,1.89E+11,2.34E+11
401,570022,2.66E+11,1.95E+11,2.42E+11
402,585224,2.76E+11,2.02E+11,2.51E+11
403,600426,2.86E+11,2.09E+11,2.59E+11
404,615628,2.96E+11,2.16E+11,2.67E+11
405,630830,3.06E+11,2.23E+11,2.76E+11
406,646032,3.17E+11,2.30E+11,2.84E+11
407,661234,3.27E+11,2.37E+11,2.93E+11
408,676436,3.38E+11,2.45E+11,3.02E+11
409,691638,3.49E+11,2.52E+11,3.11E+11
410,706840,3.60E+11,2.60E+11,3.20E+11
411,726278,3.74E+11,2.69E+11,3.31E+11
412,745716,3.87E+11,2.78E+11,3.42E+11
413,765154,4.01E+11,2.88E+11,3.53E+11
414,784592,4.15E+11,2.97E+11,3.65E+11
415,804030,4.30E+11,3.07E+11,3.76E+11
416,823468,4.44E+11,3.17E+11,3.88E+11
417,842906,4.59E+11,3.27E+11,4.00E+11
418,862344,4.74E+11,3.37E+11,4.12E+11
419,881782,4.90E+11,3.47E+11,4.24E+11
420,901220,5.06E+11,3.58E+11,4.37E+11
421,926094,5.26E+11,3.71E+11,4.53E+11
422,950968,5.46E+11,3.85E+11,4.69E+11
423,975842,5.66E+11,3.98E+11,4.85E+11
424,1000716,5.87E+11,4.12E+11,5.01E+11
425,1025590,6.08E+11,4.26E+11,5.17E+11
426,1050464,6.29E+11,4.40E+11,5.34E+11
427,1075338,6.51E+11,4.54E+11,5.51E+11
428,1100212,6.73E+11,4.69E+11,5.68E+11
429,1125086,6.95E+11,4.83E+11,5.85E+11
430,1149960,7.18E+11,4.98E+11,6.03E+11
431,1181814,7.46E+11,5.16E+11,6.25E+11
432,1213668,7.74E+11,5.35E+11,6.46E+11
433,1245522,8.02E+11,5.54E+11,6.68E+11
434,1277376,8.31E+11,5.73E+11,6.91E+11
435,1309230,8.61E+11,5.92E+11,7.14E+11
436,1341084,8.91E+11,6.12E+11,7.36E+11
437,1372938,9.21E+11,6.31E+11,7.60E+11
438,1404792,9.52E+11,6.52E+11,7.83E+11
439,1436646,9.84E+11,6.72E+11,8.07E+11
440,1468500,1.02E+12,6.93E+11,8.31E+11
441,1509324,1.05E+12,7.18E+11,8.61E+11
442,1550148,1.09E+12,7.43E+11,8.91E+11
443,1590972,1.13E+12,7.69E+11,9.21E+11
444,1631796,1.18E+12,7.96E+11,9.52E+11
445,1672620,1.22E+12,8.22E+11,9.83E+11
446,1713444,1.26E+12,8.50E+11,1.01E+12
447,1754268,1.30E+12,8.77E+11,1.05E+12
448,1795092,1.35E+12,9.05E+11,1.08E+12
449,1835916,1.39E+12,9.33E+11,1.11E+12
450,1876740,1.43E+12,9.62E+11,1.14E+12
451,1929101,1.49E+12,9.97E+11,1.19E+12
452,1981462,1.54E+12,1.03E+12,1.23E+12
453,2033823,1.60E+12,1.07E+12,1.27E+12
454,2086184,1.66E+12,1.10E+12,1.31E+12
455,2138545,1.72E+12,1.14E+12,1.35E+12
456,2190906,1.78E+12,1.18E+12,1.40E+12
457,2243267,1.84E+12,1.22E+12,1.44E+12
458,2295628,1.90E+12,1.26E+12,1.49E+12
459,2347989,1.96E+12,1.29E+12,1.53E+12
460,2400350,2.02E+12,1.33E+12,1.58E+12
461,2467560,2.10E+12,1.38E+12,1.63E+12
462,2534770,2.18E+12,1.43E+12,1.69E+12
463,2601980,2.26E+12,1.48E+12,1.75E+12
464,2669190,2.34E+12,1.53E+12,1.80E+12
465,2736400,2.42E+12,1.58E+12,1.86E+12
466,2803610,2.50E+12,1.63E+12,1.92E+12
467,2870820,2.59E+12,1.69E+12,1.98E+12
468,2938030,2.67E+12,1.74E+12,2.04E+12
469,3005240,2.76E+12,1.79E+12,2.10E+12
470,3072450,2.85E+12,1.85E+12,2.17E+12
471,3158786,2.95E+12,1.92E+12,2.24E+12
472,3245122,3.06E+12,1.98E+12,2.32E+12
473,3331458,3.17E+12,2.05E+12,2.40E+12
474,3417794,3.29E+12,2.12E+12,2.48E+12
475,3504130,3.40E+12,2.19E+12,2.56E+12
476,3590466,3.52E+12,2.26E+12,2.64E+12
477,3676802,3.64E+12,2.34E+12,2.72E+12
478,3763138,3.76E+12,2.41E+12,2.81E+12
479,3849474,3.88E+12,2.49E+12,2.89E+12
480,3935810,4.00E+12,2.56E+12,2.98E+12
481,4046800,4.15E+12,2.65E+12,3.08E+12
482,4157790,4.31E+12,2.75E+12,3.19E+12
483,4268780,4.46E+12,2.84E+12,3.30E+12
484,4379770,4.62E+12,2.94E+12,3.41E+12
485,4490760,4.78E+12,3.04E+12,3.52E+12
486,4601750,4.94E+12,3.14E+12,3.63E+12
487,4712740,5.11E+12,3.24E+12,3.74E+12
488,4823730,5.27E+12,3.34E+12,3.86E+12
489,4934720,5.44E+12,3.44E+12,3.97E+12
490,5045710,5.62E+12,3.54E+12,4.09E+12
491,5188504,5.83E+12,3.67E+12,4.24E+12
492,5331298,6.04E+12,3.80E+12,4.38E+12
493,5474092,6.26E+12,3.93E+12,4.53E+12
494,5616886,6.48E+12,4.07E+12,4.68E+12
495,5759680,6.70E+12,4.20E+12,4.83E+12
496,5902474,6.93E+12,4.34E+12,4.99E+12
497,6045268,7.16E+12,4.48E+12,5.14E+12
498,6188062,7.40E+12,4.62E+12,5.30E+12
499,6330856,7.63E+12,4.76E+12,5.46E+12
500,6473650,7.88E+12,4.90E+12,5.62E+12
501,6657502,8.17E+12,5.08E+12,5.82E+12
502,6841354,8.47E+12,5.26E+12,6.02E+12
503,7025206,8.77E+12,5.44E+12,6.22E+12
504,7209058,9.08E+12,5.62E+12,6.43E+12
505,7392910,9.40E+12,5.81E+12,6.63E+12
506,7576762,9.71E+12,6.00E+12,6.84E+12
507,7760614,1.00E+13,6.19E+12,7.06E+12
508,7944466,1.04E+13,6.38E+12,7.27E+12
509,8128318,1.07E+13,6.58E+12,7.49E+12
510,8312170,1.10E+13,6.78E+12,7.71E+12
511,8549067,1.14E+13,7.02E+12,7.98E+12
512,8785964,1.19E+13,7.27E+12,8.26E+12
513,9022861,1.23E+13,7.52E+12,8.54E+12
514,9259758,1.27E+13,7.77E+12,8.82E+12
515,9496655,1.32E+13,8.03E+12,9.10E+12
516,9733552,1.36E+13,8.29E+12,9.39E+12
517,9970449,1.40E+13,8.55E+12,9.68E+12
518,10207346,1.45E+13,8.82E+12,9.98E+12
519,10444243,1.50E+13,9.09E+12,1.03E+13
520,10681140,1.54E+13,9.36E+12,1.06E+13
521,10986621,1.60E+13,9.70E+12,1.09E+13
522,11292102,1.66E+13,1.00E+13,1.13E+13
523,11597583,1.72E+13,1.04E+13,1.17E+13
524,11903064,1.78E+13,1.07E+13,1.21E+13
525,12208545,1.84E+13,1.11E+13,1.25E+13
526,12514026,1.90E+13,1.15E+13,1.29E+13
527,12819507,1.96E+13,1.18E+13,1.33E+13
528,13124988,2.03E+13,1.22E+13,1.37E+13
529,13430469,2.09E+13,1.26E+13,1.41E+13
530,13735950,2.16E+13,1.29E+13,1.45E+13
531,14130172,2.24E+13,1.34E+13,1.50E+13
532,14524394,2.32E+13,1.39E+13,1.55E+13
533,14918616,2.40E+13,1.43E+13,1.61E+13
534,15312838,2.49E+13,1.48E+13,1.66E+13
535,15707060,2.57E+13,1.53E+13,1.71E+13
536,16101282,2.66E+13,1.58E+13,1.77E+13
537,16495504,2.74E+13,1.63E+13,1.82E+13
538,16889726,2.83E+13,1.68E+13,1.88E+13
539,17283948,2.92E+13,1.73E+13,1.93E+13
540,17678170,3.01E+13,1.79E+13,1.99E+13
541,18187301,3.13E+13,1.85E+13,2.06E+13
542,18696432,3.24E+13,1.91E+13,2.13E+13
543,19205563,3.35E+13,1.98E+13,2.20E+13
544,19714694,3.47E+13,2.05E+13,2.27E+13
545,20223825,3.59E+13,2.11E+13,2.35E+13
546,20732956,3.71E+13,2.18E+13,2.42E+13
547,21242087,3.83E+13,2.25E+13,2.50E+13
548,21751218,3.95E+13,2.32E+13,2.57E+13
549,22260349,4.08E+13,2.39E+13,2.65E+13
550,22769480,4.21E+13,2.46E+13,2.73E+13
551,23427518,4.36E+13,2.55E+13,2.82E+13
552,24085556,4.52E+13,2.64E+13,2.92E+13
553,24743594,4.68E+13,2.73E+13,3.02E+13
554,25401632,4.84E+13,2.82E+13,3.12E+13
555,26059670,5.01E+13,2.92E+13,3.22E+13
556,26717708,5.18E+13,3.01E+13,3.32E+13
557,27375746,5.35E+13,3.11E+13,3.42E+13
558,28033784,5.52E+13,3.20E+13,3.53E+13
559,28691822,5.69E+13,3.30E+13,3.63E+13
560,29349860,5.87E+13,3.40E+13,3.74E+13
561,30201006,6.08E+13,3.52E+13,3.87E+13
562,31052152,6.30E+13,3.64E+13,4.00E+13
563,31903298,6.53E+13,3.77E+13,4.14E+13
564,32754444,6.75E+13,3.90E+13,4.27E+13
565,33605590,6.98E+13,4.02E+13,4.41E+13
566,34456736,7.22E+13,4.15E+13,4.55E+13
567,35307882,7.45E+13,4.29E+13,4.69E+13
568,36159028,7.69E+13,4.42E+13,4.83E+13
569,37010174,7.93E+13,4.55E+13,4.98E+13
570,37861320,8.18E+13,4.69E+13,5.12E+13
571,38963084,8.48E+13,4.86E+13,5.30E+13
572,40064848,8.79E+13,5.03E+13,5.48E+13
573,41166612,9.10E+13,5.20E+13,5.67E+13
574,42268376,9.41E+13,5.37E+13,5.85E+13
575,43370140,9.73E+13,5.55E+13,6.04E+13
576,44471904,1.01E+14,5.73E+13,6.23E+13
577,45573668,1.04E+14,5.91E+13,6.43E+13
578,46675432,1.07E+14,6.09E+13,6.62E+13
579,47777196,1.11E+14,6.28E+13,6.82E+13
580,48878960,1.14E+14,6.46E+13,7.02E+13
581,50306226,1.18E+14,6.70E+13,7.26E+13
582,51733492,1.22E+14,6.93E+13,7.51E+13
583,53160758,1.27E+14,7.17E+13,7.77E+13
584,54588024,1.31E+14,7.41E+13,8.02E+13
585,56015290,1.36E+14,7.65E+13,8.28E+13
586,57442556,1.40E+14,7.90E+13,8.54E+13
587,58869822,1.45E+14,8.15E+13,8.81E+13
588,60297088,1.50E+14,8.40E+13,9.07E+13
589,61724354,1.56E+14,8.66E+13,9.34E+13
590,63151620,1.62E+14,8.91E+13,9.61E+13
591,65001962,1.69E+14,9.23E+13,9.95E+13
592,66852304,1.76E+14,9.56E+13,1.03E+14
593,68702646,1.83E+14,9.89E+13,1.06E+14
594,70552988,1.91E+14,1.02E+14,1.10E+14
595,72403330,1.98E+14,1.06E+14,1.13E+14
596,74253672,2.06E+14,1.09E+14,1.17E+14
597,76104014,2.14E+14,1.12E+14,1.21E+14
598,77954356,2.22E+14,1.16E+14,1.24E+14
599,79804698,2.30E+14,1.19E+14,1.28E+14
600,81655040,2.39E+14,1.23E+14,1.32E+14
601,84055698,2.49E+14,1.27E+14,1.36E+14
602,86456356,2.59E+14,1.32E+14,1.41E+14
603,88857014,2.70E+14,1.36E+14,1.46E+14
604,91257672,2.81E+14,1.41E+14,1.51E+14
605,93658330,2.92E+14,1.45E+14,1.55E+14
606,96058988,3.03E+14,1.50E+14,1.60E+14
607,98459646,3.15E+14,1.55E+14,1.65E+14
608,100860304,3.26E+14,1.60E+14,1.70E+14
609,103260962,3.38E+14,1.64E+14,1.75E+14
610,105661620,3.50E+14,1.69E+14,1.80E+14
611,108778638,3.65E+14,1.75E+14,1.87E+14
612,111895656,3.80E+14,1.82E+14,1.93E+14
613,115012674,3.96E+14,1.88E+14,2.00E+14
614,118129692,4.11E+14,1.94E+14,2.06E+14
615,121246710,4.27E+14,2.00E+14,2.13E+14
616,124363728,4.43E+14,2.07E+14,2.20E+14
617,127480746,4.60E+14,2.13E+14,2.26E+14
618,130597764,4.77E+14,2.20E+14,2.33E+14
619,133714782,4.94E+14,2.27E+14,2.40E+14
620,136831800,5.12E+14,2.33E+14,2.47E+14
621,140882021,5.33E+14,2.42E+14,2.56E+14
622,144932242,5.55E+14,2.50E+14,2.65E+14
623,148982463,5.77E+14,2.59E+14,2.74E+14
624,153032684,5.99E+14,2.68E+14,2.83E+14
625,157082905,6.22E+14,2.76E+14,2.92E+14
626,161133126,6.46E+14,2.85E+14,3.01E+14
627,165183347,6.70E+14,2.94E+14,3.10E+14
628,169233568,6.94E+14,3.03E+14,3.20E+14
629,173283789,7.19E+14,3.12E+14,3.29E+14
630,177334010,7.44E+14,3.22E+14,3.39E+14
631,182600830,7.74E+14,3.33E+14,3.51E+14
632,187867650,8.06E+14,3.45E+14,3.63E+14
633,193134470,8.38E+14,3.57E+14,3.75E+14
634,198401290,8.70E+14,3.69E+14,3.87E+14
635,203668110,9.03E+14,3.81E+14,4.00E+14
636,208934930,9.37E+14,3.93E+14,4.12E+14
637,214201750,9.71E+14,4.05E+14,4.25E+14
638,219468570,1.01E+15,4.18E+14,4.38E+14
639,224735390,1.04E+15,4.30E+14,4.51E+14
640,230002210,1.08E+15,4.43E+14,4.64E+14
641,236856276,1.12E+15,4.59E+14,4.81E+14
642,243710342,1.17E+15,4.75E+14,4.97E+14
643,250564408,1.21E+15,4.92E+14,5.14E+14
644,257418474,1.26E+15,5.08E+14,5.31E+14
645,264272540,1.31E+15,5.25E+14,5.48E+14
646,271126606,1.35E+15,5.42E+14,5.65E+14
647,277980672,1.40E+15,5.59E+14,5.83E+14
648,284834738,1.45E+15,5.76E+14,6.00E+14
649,291688804,1.50E+15,5.93E+14,6.18E+14
650,298542870,1.55E+15,6.11E+14,6.36E+14
651,307469302,1.62E+15,6.33E+14,6.58E+14
652,316395734,1.68E+15,6.55E+14,6.81E+14
653,325322166,1.75E+15,6.77E+14,7.04E+14
654,334248598,1.81E+15,7.00E+14,7.27E+14
655,343175030,1.88E+15,7.23E+14,7.51E+14
656,352101462,1.95E+15,7.46E+14,7.75E+14
657,361027894,2.02E+15,7.70E+14,7.98E+14
658,369954326,2.09E+15,7.94E+14,8.23E+14
659,378880758,2.16E+15,8.17E+14,8.47E+14
660,387807190,2.24E+15,8.42E+14,8.72E+14
661,399441406,2.33E+15,8.72E+14,9.02E+14
662,411075622,2.42E+15,9.03E+14,9.34E+14
663,422709838,2.51E+15,9.34E+14,9.65E+14
664,434344054,2.61E+15,9.65E+14,9.97E+14
665,445978270,2.70E+15,9.97E+14,1.03E+15
666,457612486,2.80E+15,1.03E+15,1.06E+15
667,469246702,2.90E+15,1.06E+15,1.09E+15
668,480880918,3.00E+15,1.09E+15,1.13E+15
669,492515134,3.11E+15,1.13E+15,1.16E+15
670,504149350,3.21E+15,1.16E+15,1.19E+15
671,519324245,3.34E+15,1.20E+15,1.24E+15
672,534499140,3.47E+15,1.24E+15,1.28E+15
673,549674035,3.60E+15,1.29E+15,1.32E+15
674,564848930,3.74E+15,1.33E+15,1.37E+15
675,580023825,3.87E+15,1.37E+15,1.41E+15
676,595198720,4.01E+15,1.42E+15,1.46E+15
677,610373615,4.16E+15,1.46E+15,1.50E+15
678,625548510,4.30E+15,1.51E+15,1.55E+15
679,640723405,4.45E+15,1.55E+15,1.59E+15
680,655898300,4.59E+15,1.60E+15,1.64E+15
681,675706429,4.78E+15,1.66E+15,1.70E+15
682,695514558,4.96E+15,1.71E+15,1.75E+15
683,715322687,5.15E+15,1.77E+15,1.81E+15
684,735130816,5.35E+15,1.83E+15,1.87E+15
685,754938945,5.54E+15,1.89E+15,1.93E+15
686,774747074,5.74E+15,1.95E+15,2.00E+15
687,794555203,5.94E+15,2.02E+15,2.06E+15
688,814363332,6.15E+15,2.08E+15,2.12E+15
689,834171461,6.35E+15,2.14E+15,2.18E+15
690,853979590,6.56E+15,2.20E+15,2.25E+15
691,879855172,6.83E+15,2.28E+15,2.33E+15
692,905730754,7.09E+15,2.36E+15,2.41E+15
693,931606336,7.36E+15,2.44E+15,2.49E+15
694,957481918,7.63E+15,2.53E+15,2.57E+15
695,983357500,7.91E+15,2.61E+15,2.65E+15
696,1009233082,8.19E+15,2.69E+15,2.74E+15
697,1035108664,8.48E+15,2.78E+15,2.82E+15
698,1060984246,8.77E+15,2.86E+15,2.91E+15
699,1086859828,9.06E+15,2.95E+15,2.99E+15
700,1112735410,9.36E+15,3.04E+15,3.08E+15
701,1146562566,9.73E+15,3.15E+15,3.19E+15
702,1180389722,1.01E+16,3.26E+15,3.30E+15
703,1214216878,1.05E+16,3.37E+15,3.41E+15
704,1248044034,1.09E+16,3.48E+15,3.52E+15
705,1281871190,1.13E+16,3.60E+15,3.64E+15
706,1315698346,1.17E+16,3.71E+15,3.75E+15
707,1349525502,1.21E+16,3.83E+15,3.87E+15
708,1383352658,1.25E+16,3.95E+15,3.99E+15
709,1417179814,1.29E+16,4.07E+15,4.10E+15
710,1451006970,1.33E+16,4.19E+15,4.22E+15
711,1495262683,1.39E+16,4.34E+15,4.38E+15
712,1539518396,1.44E+16,4.50E+15,4.53E+15
713,1583774109,1.50E+16,4.65E+15,4.69E+15
714,1628029822,1.55E+16,4.81E+15,4.85E+15
715,1672285535,1.61E+16,4.98E+15,5.01E+15
716,1716541248,1.67E+16,5.14E+15,5.17E+15
717,1760796961,1.72E+16,5.30E+15,5.33E+15
718,1805052674,1.78E+16,5.47E+15,5.49E+15
719,1849308387,1.84E+16,5.64E+15,5.66E+15
720,1893564100,1.91E+16,5.81E+15,5.83E+15
721,1951507161,1.98E+16,6.02E+15,6.04E+15
722,2009450222,2.06E+16,6.24E+15,6.25E+15
723,2067393283,2.14E+16,6.46E+15,6.47E+15
724,2125336344,2.22E+16,6.68E+15,6.69E+15
725,2183279405,2.30E+16,6.90E+15,6.91E+15
726,2241222466,2.38E+16,7.13E+15,7.13E+15
727,2299165527,2.46E+16,7.35E+15,7.36E+15
728,2357108588,2.55E+16,7.58E+15,7.58E+15
729,2415051649,2.63E+16,7.82E+15,7.81E+15
730,2472994710,2.72E+16,8.05E+15,8.04E+15
731,2548915648,2.83E+16,8.35E+15,8.34E+15
732,2624836586,2.94E+16,8.65E+15,8.63E+15
733,2700757524,3.05E+16,8.95E+15,8.93E+15
734,2776678462,3.16E+16,9.26E+15,9.23E+15
735,2852599400,3.28E+16,9.57E+15,9.53E+15
736,2928520338,3.39E+16,9.88E+15,9.84E+15
737,3004441276,3.51E+16,1.02E+16,1.02E+16
738,3080362214,3.63E+16,1.05E+16,1.05E+16
739,3156283152,3.75E+16,1.08E+16,1.08E+16
740,3232204090,3.88E+16,1.12E+16,1.11E+16
741,3331755976,4.03E+16,1.16E+16,1.15E+16
742,3431307862,4.19E+16,1.20E+16,1.19E+16
743,3530859748,4.35E+16,1.24E+16,1.23E+16
744,3630411634,4.51E+16,1.28E+16,1.27E+16
745,3729963520,4.67E+16,1.33E+16,1.32E+16
746,3829515406,4.84E+16,1.37E+16,1.36E+16
747,3929067292,5.00E+16,1.41E+16,1.40E+16
748,4028619178,5.17E+16,1.46E+16,1.44E+16
749,4128171064,5.35E+16,1.50E+16,1.49E+16
750,4227722950,5.52E+16,1.55E+16,1.53E+16
751,4358359589,5.74E+16,1.61E+16,1.59E+16
752,4488996228,5.96E+16,1.66E+16,1.64E+16
753,4619632867,6.18E+16,1.72E+16,1.70E+16
754,4750269506,6.41E+16,1.78E+16,1.76E+16
755,4880906145,6.64E+16,1.84E+16,1.82E+16
756,5011542784,6.88E+16,1.90E+16,1.87E+16
757,5142179423,7.12E+16,1.96E+16,1.93E+16
758,5272816062,7.36E+16,2.02E+16,1.99E+16
759,5403452701,7.60E+16,2.08E+16,2.05E+16
760,5534089340,7.85E+16,2.15E+16,2.11E+16
761,5705646110,8.16E+16,2.23E+16,2.19E+16
762,5877202880,8.47E+16,2.31E+16,2.27E+16
763,6048759650,8.79E+16,2.39E+16,2.35E+16
764,6220316420,9.11E+16,2.47E+16,2.43E+16
765,6391873190,9.44E+16,2.55E+16,2.51E+16
766,6563429960,9.77E+16,2.64E+16,2.59E+16
767,6734986730,1.01E+17,2.72E+16,2.67E+16
768,6906543500,1.05E+17,2.80E+16,2.75E+16
769,7078100270,1.08E+17,2.89E+16,2.83E+16
770,7249657040,1.11E+17,2.98E+16,2.92E+16
771,7475121374,1.16E+17,3.09E+16,3.02E+16
772,7700585708,1.20E+17,3.20E+16,3.13E+16
773,7926050042,1.25E+17,3.31E+16,3.24E+16
774,8151514376,1.29E+17,3.42E+16,3.35E+16
775,8376978710,1.34E+17,3.54E+16,3.46E+16
776,8602443044,1.39E+17,3.65E+16,3.57E+16
777,8827907378,1.44E+17,3.77E+16,3.68E+16
778,9053371712,1.48E+17,3.89E+16,3.80E+16
779,9278836046,1.53E+17,4.01E+16,3.91E+16
780,9504300380,1.58E+17,4.13E+16,4.03E+16
781,9800834552,1.64E+17,4.28E+16,4.18E+16
782,10097368724,1.71E+17,4.44E+16,4.32E+16
783,10393902896,1.77E+17,4.59E+16,4.47E+16
784,10690437068,1.84E+17,4.75E+16,4.62E+16
785,10986971240,1.90E+17,4.91E+16,4.78E+16
786,11283505412,1.97E+17,5.07E+16,4.93E+16
787,11580039584,2.04E+17,5.23E+16,5.09E+16
788,11876573756,2.10E+17,5.39E+16,5.24E+16
789,12173107928,2.17E+17,5.56E+16,5.40E+16
790,12469642100,2.24E+17,5.73E+16,5.56E+16
791,12859941898,2.33E+17,5.94E+16,5.77E+16
792,13250241696,2.42E+17,6.15E+16,5.97E+16
793,13640541494,2.51E+17,6.37E+16,6.18E+16
794,14030841292,2.60E+17,6.59E+16,6.39E+16
795,14421141090,2.69E+17,6.81E+16,6.60E+16
796,14811440888,2.79E+17,7.03E+16,6.81E+16
797,15201740686,2.88E+17,7.25E+16,7.02E+16
798,15592040484,2.98E+17,7.48E+16,7.24E+16
799,15982340282,3.08E+17,7.71E+16,7.46E+16
800,16372640080,3.18E+17,7.94E+16,7.68E+16
801,16886740979,3.30E+17,8.24E+16,7.96E+16
802,17400841878,3.43E+17,8.53E+16,8.24E+16
803,17914942777,3.55E+17,8.83E+16,8.53E+16
804,18429043676,3.68E+17,9.14E+16,8.82E+16
805,18943144575,3.82E+17,9.44E+16,9.11E+16
806,19457245474,3.95E+17,9.75E+16,9.40E+16
807,19971346373,4.08E+17,1.01E+17,9.70E+16
808,20485447272,4.22E+17,1.04E+17,1.00E+17
809,20999548171,4.36E+17,1.07E+17,1.03E+17
810,21513649070,4.50E+17,1.10E+17,1.06E+17
811,22191329016,4.67E+17,1.14E+17,1.10E+17
812,22869008962,4.85E+17,1.18E+17,1.14E+17
813,23546688908,5.03E+17,1.23E+17,1.18E+17
814,24224368854,5.21E+17,1.27E+17,1.22E+17
815,24902048800,5.40E+17,1.31E+17,1.26E+17
816,25579728746,5.59E+17,1.35E+17,1.30E+17
817,26257408692,5.78E+17,1.40E+17,1.34E+17
818,26935088638,5.97E+17,1.44E+17,1.38E+17
819,27612768584,6.16E+17,1.48E+17,1.42E+17
820,28290448530,6.36E+17,1.53E+17,1.47E+17
821,29184426704,6.61E+17,1.59E+17,1.52E+17
822,30078404878,6.86E+17,1.64E+17,1.57E+17
823,30972383052,7.12E+17,1.70E+17,1.63E+17
824,31866361226,7.37E+17,1.76E+17,1.68E+17
825,32760339400,7.64E+17,1.82E+17,1.74E+17
826,33654317574,7.90E+17,1.88E+17,1.79E+17
827,34548295748,8.17E+17,1.94E+17,1.85E+17
828,35442273922,8.44E+17,2.00E+17,1.91E+17
829,36336252096,8.71E+17,2.06E+17,1.97E+17
830,37230230270,8.99E+17,2.12E+17,2.02E+17
831,38410428570,9.34E+17,2.20E+17,2.10E+17
832,39590626870,9.70E+17,2.28E+17,2.17E+17
833,40770825170,1.01E+18,2.36E+17,2.25E+17
834,41951023470,1.04E+18,2.44E+17,2.33E+17
835,43131221770,1.08E+18,2.52E+17,2.40E+17
836,44311420070,1.12E+18,2.60E+17,2.48E+17
837,45491618370,1.15E+18,2.69E+17,2.56E+17
838,46671816670,1.19E+18,2.77E+17,2.64E+17
839,47852014970,1.23E+18,2.86E+17,2.72E+17
840,49032213270,1.27E+18,2.94E+17,2.80E+17
841,50591437652,1.32E+18,3.05E+17,2.90E+17
842,52150662034,1.37E+18,3.16E+17,3.00E+17
843,53709886416,1.42E+18,3.27E+17,3.11E+17
844,55269110798,1.47E+18,3.39E+17,3.21E+17
845,56828335180,1.52E+18,3.50E+17,3.32E+17
846,58387559562,1.58E+18,3.61E+17,3.43E+17
847,59946783944,1.63E+18,3.73E+17,3.54E+17
848,61506008326,1.68E+18,3.85E+17,3.65E+17
849,63065232708,1.74E+18,3.97E+17,3.76E+17
850,64624457090,1.79E+18,4.08E+17,3.87E+17
851,66685977271,1.86E+18,4.24E+17,4.01E+17
852,68747497452,1.94E+18,4.39E+17,4.15E+17
853,70809017633,2.01E+18,4.54E+17,4.30E+17
854,72870537814,2.08E+18,4.70E+17,4.44E+17
855,74932057995,2.15E+18,4.86E+17,4.59E+17
856,76993578176,2.23E+18,5.02E+17,4.74E+17
857,79055098357,2.30E+18,5.18E+17,4.89E+17
858,81116618538,2.38E+18,5.34E+17,5.04E+17
859,83178138719,2.46E+18,5.50E+17,5.19E+17
860,85239658900,2.53E+18,5.67E+17,5.35E+17
861,87967327985,2.63E+18,5.88E+17,5.54E+17
862,90694997070,2.73E+18,6.09E+17,5.74E+17
863,93422666155,2.83E+18,6.31E+17,5.94E+17
864,96150335240,2.94E+18,6.53E+17,6.15E+17
865,98878004325,3.04E+18,6.75E+17,6.35E+17
866,1.02E+11,3.14E+18,6.97E+17,6.56E+17
867,1.04E+11,3.25E+18,7.19E+17,6.76E+17
868,1.07E+11,3.36E+18,7.42E+17,6.97E+17
869,1.10E+11,3.46E+18,7.64E+17,7.18E+17
870,1.13E+11,3.57E+18,7.87E+17,7.40E+17
871,1.16E+11,3.71E+18,8.17E+17,7.67E+17
872,1.20E+11,3.85E+18,8.46E+17,7.94E+17
873,1.23E+11,4.00E+18,8.76E+17,8.22E+17
874,1.27E+11,4.14E+18,9.06E+17,8.50E+17
875,1.31E+11,4.29E+18,9.37E+17,8.78E+17
876,1.34E+11,4.44E+18,9.68E+17,9.07E+17
877,1.38E+11,4.58E+18,9.99E+17,9.35E+17
878,1.41E+11,4.74E+18,1.03E+18,9.64E+17
879,1.45E+11,4.89E+18,1.06E+18,9.94E+17
880,1.49E+11,5.04E+18,1.09E+18,1.02E+18
881,1.53E+11,5.24E+18,1.13E+18,1.06E+18
882,1.58E+11,5.44E+18,1.18E+18,1.10E+18
883,1.63E+11,5.64E+18,1.22E+18,1.14E+18
884,1.68E+11,5.84E+18,1.26E+18,1.18E+18
885,1.73E+11,6.05E+18,1.30E+18,1.22E+18
886,1.77E+11,6.26E+18,1.34E+18,1.25E+18
887,1.82E+11,6.47E+18,1.39E+18,1.29E+18
888,1.87E+11,6.68E+18,1.43E+18,1.33E+18
889,1.92E+11,6.89E+18,1.47E+18,1.38E+18
890,1.96E+11,7.11E+18,1.52E+18,1.42E+18
891,2.03E+11,7.39E+18,1.58E+18,1.47E+18
892,2.09E+11,7.67E+18,1.63E+18,1.52E+18
893,2.16E+11,7.95E+18,1.69E+18,1.57E+18
894,2.22E+11,8.24E+18,1.75E+18,1.63E+18
895,2.28E+11,8.53E+18,1.81E+18,1.68E+18
896,2.35E+11,8.82E+18,1.87E+18,1.74E+18
897,2.41E+11,9.12E+18,1.93E+18,1.79E+18
898,2.47E+11,9.42E+18,1.99E+18,1.85E+18
899,2.54E+11,9.72E+18,2.05E+18,1.90E+18
900,2.60E+11,1.00E+19,2.11E+18,1.96E+18
901,2.68E+11,1.04E+19,2.19E+18,2.03E+18
902,2.77E+11,1.08E+19,2.27E+18,2.11E+18
903,2.85E+11,1.12E+19,2.35E+18,2.18E+18
904,2.94E+11,1.16E+19,2.43E+18,2.25E+18
905,3.02E+11,1.20E+19,2.51E+18,2.33E+18
906,3.10E+11,1.24E+19,2.60E+18,2.40E+18
907,3.19E+11,1.29E+19,2.68E+18,2.48E+18
908,3.27E+11,1.33E+19,2.76E+18,2.56E+18
909,3.36E+11,1.37E+19,2.85E+18,2.64E+18
910,3.44E+11,1.41E+19,2.93E+18,2.71E+18
911,3.55E+11,1.47E+19,3.04E+18,2.81E+18
912,3.67E+11,1.52E+19,3.15E+18,2.92E+18
913,3.78E+11,1.58E+19,3.27E+18,3.02E+18
914,3.89E+11,1.64E+19,3.38E+18,3.12E+18
915,4.00E+11,1.69E+19,3.49E+18,3.23E+18
916,4.11E+11,1.75E+19,3.61E+18,3.33E+18
917,4.22E+11,1.81E+19,3.72E+18,3.44E+18
918,4.34E+11,1.87E+19,3.84E+18,3.54E+18
919,4.45E+11,1.93E+19,3.96E+18,3.65E+18
920,4.56E+11,1.99E+19,4.08E+18,3.76E+18
921,4.71E+11,2.07E+19,4.23E+18,3.90E+18
922,4.86E+11,2.15E+19,4.39E+18,4.04E+18
923,5.01E+11,2.23E+19,4.54E+18,4.18E+18
924,5.16E+11,2.31E+19,4.70E+18,4.32E+18
925,5.30E+11,2.39E+19,4.86E+18,4.47E+18
926,5.45E+11,2.47E+19,5.02E+18,4.61E+18
927,5.60E+11,2.55E+19,5.18E+18,4.76E+18
928,5.75E+11,2.64E+19,5.34E+18,4.91E+18
929,5.90E+11,2.72E+19,5.51E+18,5.06E+18
930,6.05E+11,2.81E+19,5.67E+18,5.21E+18
931,6.24E+11,2.92E+19,5.88E+18,5.40E+18
932,6.44E+11,3.03E+19,6.10E+18,5.60E+18
933,6.64E+11,3.14E+19,6.32E+18,5.79E+18
934,6.84E+11,3.25E+19,6.53E+18,5.99E+18
935,7.04E+11,3.37E+19,6.76E+18,6.19E+18
936,7.23E+11,3.48E+19,6.98E+18,6.40E+18
937,7.43E+11,3.60E+19,7.20E+18,6.60E+18
938,7.63E+11,3.72E+19,7.43E+18,6.80E+18
939,7.83E+11,3.84E+19,7.66E+18,7.01E+18
940,8.02E+11,3.96E+19,7.89E+18,7.22E+18
941,8.29E+11,4.11E+19,8.19E+18,7.49E+18
942,8.55E+11,4.27E+19,8.48E+18,7.76E+18
943,8.81E+11,4.42E+19,8.79E+18,8.03E+18
944,9.08E+11,4.58E+19,9.09E+18,8.31E+18
945,9.34E+11,4.74E+19,9.40E+18,8.59E+18
946,9.60E+11,4.91E+19,9.71E+18,8.87E+18
947,9.87E+11,5.07E+19,1.00E+19,9.15E+18
948,1.01E+12,5.24E+19,1.03E+19,9.43E+18
949,1.04E+12,5.40E+19,1.07E+19,9.72E+18
950,1.07E+12,5.57E+19,1.10E+19,1.00E+19
951,1.10E+12,5.79E+19,1.14E+19,1.04E+19
952,1.14E+12,6.01E+19,1.18E+19,1.08E+19
953,1.17E+12,6.23E+19,1.22E+19,1.11E+19
954,1.21E+12,6.46E+19,1.27E+19,1.15E+19
955,1.24E+12,6.68E+19,1.31E+19,1.19E+19
956,1.28E+12,6.91E+19,1.35E+19,1.23E+19
957,1.31E+12,7.14E+19,1.39E+19,1.27E+19
958,1.35E+12,7.38E+19,1.44E+19,1.31E+19
959,1.38E+12,7.61E+19,1.48E+19,1.35E+19
960,1.42E+12,7.85E+19,1.53E+19,1.39E+19
961,1.46E+12,8.16E+19,1.59E+19,1.44E+19
962,1.51E+12,8.47E+19,1.64E+19,1.49E+19
963,1.56E+12,8.78E+19,1.70E+19,1.55E+19
964,1.60E+12,9.10E+19,1.76E+19,1.60E+19
965,1.65E+12,9.42E+19,1.82E+19,1.65E+19
966,1.70E+12,9.74E+19,1.88E+19,1.71E+19
967,1.74E+12,1.01E+20,1.94E+19,1.76E+19
968,1.79E+12,1.04E+20,2.00E+19,1.82E+19
969,1.84E+12,1.07E+20,2.06E+19,1.87E+19
970,1.88E+12,1.11E+20,2.13E+19,1.93E+19
971,1.95E+12,1.15E+20,2.21E+19,2.00E+19
972,2.01E+12,1.19E+20,2.29E+19,2.07E+19
973,2.07E+12,1.24E+20,2.37E+19,2.14E+19
974,2.13E+12,1.28E+20,2.45E+19,2.22E+19
975,2.20E+12,1.33E+20,2.54E+19,2.29E+19
976,2.26E+12,1.37E+20,2.62E+19,2.37E+19
977,2.32E+12,1.42E+20,2.70E+19,2.44E+19
978,2.38E+12,1.46E+20,2.79E+19,2.52E+19
979,2.44E+12,1.51E+20,2.88E+19,2.60E+19
980,2.51E+12,1.56E+20,2.96E+19,2.67E+19
981,2.59E+12,1.62E+20,3.07E+19,2.77E+19
982,2.67E+12,1.68E+20,3.19E+19,2.88E+19
983,2.76E+12,1.74E+20,3.30E+19,2.98E+19
984,2.84E+12,1.81E+20,3.42E+19,3.08E+19
985,2.92E+12,1.87E+20,3.53E+19,3.18E+19
986,3.01E+12,1.93E+20,3.65E+19,3.29E+19
987,3.09E+12,2.00E+20,3.77E+19,3.39E+19
988,3.17E+12,2.06E+20,3.89E+19,3.50E+19
989,3.26E+12,2.13E+20,4.01E+19,3.61E+19
990,3.34E+12,2.20E+20,4.13E+19,3.71E+19
991,3.45E+12,2.28E+20,4.28E+19,3.85E+19
992,3.56E+12,2.38E+20,4.44E+19,3.99E+19
993,3.67E+12,2.48E+20,4.60E+19,4.14E+19
994,3.78E+12,2.58E+20,4.76E+19,4.28E+19
995,3.90E+12,2.68E+20,4.92E+19,4.42E+19
996,4.01E+12,2.79E+20,5.09E+19,4.57E+19
997,4.12E+12,2.89E+20,5.25E+19,4.71E+19
998,4.23E+12,3.00E+20,5.42E+19,4.86E+19
999,4.34E+12,3.11E+20,5.59E+19,5.01E+19
1000,4.45E+12,3.22E+20,5.75E+19,5.16E+19
1001,4.60E+12,3.36E+20,5.97E+19,5.36E+19
1002,4.75E+12,3.51E+20,6.20E+19,5.55E+19
1003,4.90E+12,3.65E+20,6.42E+19,5.75E+19
1004,5.05E+12,3.80E+20,6.65E+19,5.96E+19
1005,5.20E+12,3.95E+20,6.88E+19,6.16E+19
1006,5.34E+12,4.11E+20,7.12E+19,6.37E+19
1007,5.49E+12,4.27E+20,7.35E+19,6.58E+19
1008,5.64E+12,4.43E+20,7.59E+19,6.79E+19
1009,5.79E+12,4.59E+20,7.83E+19,7.00E+19
1010,5.94E+12,4.76E+20,8.08E+19,7.22E+19
1011,6.14E+12,4.97E+20,8.40E+19,7.50E+19
1012,6.34E+12,5.19E+20,8.72E+19,7.79E+19
1013,6.54E+12,5.41E+20,9.04E+19,8.08E+19
1014,6.73E+12,5.64E+20,9.37E+19,8.37E+19
1015,6.93E+12,5.86E+20,9.71E+19,8.66E+19
1016,7.13E+12,6.10E+20,1.00E+20,8.96E+19
1017,7.33E+12,6.34E+20,1.04E+20,9.27E+19
1018,7.53E+12,6.58E+20,1.07E+20,9.57E+19
1019,7.73E+12,6.83E+20,1.11E+20,9.89E+19
1020,7.93E+12,7.09E+20,1.15E+20,1.02E+20
1021,8.19E+12,7.41E+20,1.19E+20,1.06E+20
1022,8.46E+12,7.74E+20,1.24E+20,1.10E+20
1023,8.73E+12,8.07E+20,1.29E+20,1.14E+20
1024,8.99E+12,8.41E+20,1.33E+20,1.19E+20
1025,9.26E+12,8.76E+20,1.38E+20,1.23E+20
1026,9.53E+12,9.12E+20,1.43E+20,1.27E+20
1027,9.79E+12,9.48E+20,1.48E+20,1.32E+20
1028,1.01E+13,9.86E+20,1.53E+20,1.36E+20
1029,1.03E+13,1.02E+21,1.59E+20,1.41E+20
1030,1.06E+13,1.06E+21,1.64E+20,1.45E+20
1031,1.09E+13,1.11E+21,1.71E+20,1.51E+20
1032,1.13E+13,1.16E+21,1.77E+20,1.57E+20
1033,1.17E+13,1.21E+21,1.84E+20,1.64E+20
1034,1.20E+13,1.26E+21,1.91E+20,1.70E+20
1035,1.24E+13,1.32E+21,1.99E+20,1.76E+20
1036,1.27E+13,1.37E+21,2.06E+20,1.83E+20
1037,1.31E+13,1.43E+21,2.13E+20,1.89E+20
1038,1.34E+13,1.49E+21,2.21E+20,1.96E+20
1039,1.38E+13,1.54E+21,2.29E+20,2.02E+20
1040,1.42E+13,1.60E+21,2.36E+20,2.09E+20
1041,1.46E+13,1.68E+21,2.46E+20,2.18E+20
1042,1.51E+13,1.76E+21,2.57E+20,2.27E+20
1043,1.56E+13,1.84E+21,2.67E+20,2.36E+20
1044,1.61E+13,1.92E+21,2.77E+20,2.45E+20
1045,1.66E+13,2.00E+21,2.88E+20,2.55E+20
1046,1.70E+13,2.08E+21,2.99E+20,2.64E+20
1047,1.75E+13,2.17E+21,3.10E+20,2.74E+20
1048,1.80E+13,2.26E+21,3.21E+20,2.84E+20
1049,1.85E+13,2.35E+21,3.33E+20,2.94E+20
1050,1.89E+13,2.44E+21,3.44E+20,3.04E+20
1051,1.96E+13,2.56E+21,3.59E+20,3.17E+20
1052,2.02E+13,2.68E+21,3.74E+20,3.30E+20
1053,2.09E+13,2.80E+21,3.90E+20,3.43E+20
1054,2.15E+13,2.92E+21,4.05E+20,3.57E+20
1055,2.22E+13,3.05E+21,4.21E+20,3.71E+20
1056,2.28E+13,3.18E+21,4.37E+20,3.85E+20
1057,2.34E+13,3.32E+21,4.54E+20,3.99E+20
1058,2.41E+13,3.45E+21,4.71E+20,4.14E+20
1059,2.47E+13,3.59E+21,4.88E+20,4.29E+20
1060,2.54E+13,3.74E+21,5.05E+20,4.44E+20
1061,2.62E+13,3.92E+21,5.27E+20,4.63E+20
1062,2.71E+13,4.10E+21,5.50E+20,4.83E+20
1063,2.80E+13,4.29E+21,5.73E+20,5.03E+20
1064,2.88E+13,4.49E+21,5.96E+20,5.24E+20
1065,2.97E+13,4.69E+21,6.20E+20,5.44E+20
1066,3.05E+13,4.89E+21,6.45E+20,5.65E+20
1067,3.14E+13,5.10E+21,6.69E+20,5.87E+20
1068,3.23E+13,5.32E+21,6.95E+20,6.09E+20
1069,3.31E+13,5.54E+21,7.20E+20,6.31E+20
1070,3.40E+13,5.76E+21,7.47E+20,6.54E+20
1071,3.52E+13,6.05E+21,7.80E+20,6.83E+20
1072,3.63E+13,6.34E+21,8.14E+20,7.13E+20
1073,3.75E+13,6.64E+21,8.49E+20,7.43E+20
1074,3.86E+13,6.95E+21,8.85E+20,7.74E+20
1075,3.98E+13,7.27E+21,9.22E+20,8.06E+20
1076,4.10E+13,7.59E+21,9.59E+20,8.38E+20
1077,4.21E+13,7.93E+21,9.97E+20,8.71E+20
1078,4.33E+13,8.27E+21,1.04E+21,9.05E+20
1079,4.44E+13,8.63E+21,1.08E+21,9.40E+20
1080,4.56E+13,8.99E+21,1.12E+21,9.75E+20
1081,4.71E+13,9.45E+21,1.17E+21,1.02E+21
1082,4.87E+13,9.91E+21,1.22E+21,1.07E+21
1083,5.03E+13,1.04E+22,1.28E+21,1.11E+21
1084,5.18E+13,1.09E+22,1.33E+21,1.16E+21
1085,5.34E+13,1.14E+22,1.39E+21,1.21E+21
1086,5.49E+13,1.19E+22,1.44E+21,1.26E+21
1087,5.65E+13,1.24E+22,1.50E+21,1.31E+21
1088,5.81E+13,1.30E+22,1.56E+21,1.36E+21
1089,5.96E+13,1.36E+22,1.62E+21,1.41E+21
1090,6.12E+13,1.41E+22,1.69E+21,1.47E+21
1091,6.33E+13,1.49E+22,1.76E+21,1.53E+21
1092,6.54E+13,1.56E+22,1.84E+21,1.60E+21
1093,6.75E+13,1.64E+22,1.93E+21,1.67E+21
1094,6.96E+13,1.72E+22,2.01E+21,1.75E+21
1095,7.17E+13,1.80E+22,2.10E+21,1.82E+21
1096,7.38E+13,1.88E+22,2.19E+21,1.90E+21
1097,7.59E+13,1.96E+22,2.28E+21,1.97E+21
1098,7.80E+13,2.05E+22,2.37E+21,2.05E+21
1099,8.01E+13,2.14E+22,2.46E+21,2.13E+21
1100,8.22E+13,2.24E+22,2.56E+21,2.21E+21
1101,8.50E+13,2.35E+22,2.68E+21,2.32E+21
1102,8.78E+13,2.47E+22,2.80E+21,2.42E+21
1103,9.06E+13,2.59E+22,2.93E+21,2.53E+21
1104,9.35E+13,2.72E+22,3.06E+21,2.64E+21
1105,9.63E+13,2.85E+22,3.19E+21,2.76E+21
1106,9.91E+13,2.98E+22,3.33E+21,2.87E+21
1107,1.02E+14,3.12E+22,3.46E+21,2.99E+21
1108,1.05E+14,3.26E+22,3.61E+21,3.11E+21
1109,1.08E+14,3.40E+22,3.75E+21,3.24E+21
1110,1.10E+14,3.55E+22,3.90E+21,3.36E+21
1111,1.14E+14,3.74E+22,4.09E+21,3.52E+21
1112,1.18E+14,3.93E+22,4.28E+21,3.69E+21
1113,1.22E+14,4.12E+22,4.47E+21,3.85E+21
1114,1.26E+14,4.33E+22,4.67E+21,4.02E+21
1115,1.29E+14,4.53E+22,4.88E+21,4.20E+21
1116,1.33E+14,4.75E+22,5.09E+21,4.38E+21
1117,1.37E+14,4.97E+22,5.30E+21,4.56E+21
1118,1.41E+14,5.19E+22,5.52E+21,4.75E+21
1119,1.45E+14,5.43E+22,5.74E+21,4.94E+21
1120,1.49E+14,5.67E+22,5.97E+21,5.13E+21
1121,1.54E+14,5.96E+22,6.26E+21,5.38E+21
1122,1.59E+14,6.27E+22,6.56E+21,5.63E+21
1123,1.64E+14,6.59E+22,6.86E+21,5.89E+21
1124,1.69E+14,6.91E+22,7.17E+21,6.15E+21
1125,1.74E+14,7.25E+22,7.49E+21,6.42E+21
1126,1.79E+14,7.59E+22,7.81E+21,6.69E+21
1127,1.85E+14,7.95E+22,8.15E+21,6.98E+21
1128,1.90E+14,8.31E+22,8.49E+21,7.26E+21
1129,1.95E+14,8.69E+22,8.84E+21,7.56E+21
1130,2.00E+14,9.08E+22,9.19E+21,7.86E+21
1131,2.07E+14,9.56E+22,9.64E+21,8.24E+21
1132,2.14E+14,1.01E+23,1.01E+22,8.63E+21
1133,2.21E+14,1.06E+23,1.06E+22,9.03E+21
1134,2.28E+14,1.11E+23,1.11E+22,9.43E+21
1135,2.35E+14,1.16E+23,1.15E+22,9.85E+21
1136,2.42E+14,1.22E+23,1.21E+22,1.03E+22
1137,2.48E+14,1.28E+23,1.26E+22,1.07E+22
1138,2.55E+14,1.34E+23,1.31E+22,1.12E+22
1139,2.62E+14,1.40E+23,1.36E+22,1.16E+22
1140,2.69E+14,1.46E+23,1.42E+22,1.21E+22
1141,2.79E+14,1.54E+23,1.49E+22,1.27E+22
1142,2.88E+14,1.62E+23,1.56E+22,1.33E+22
1143,2.97E+14,1.70E+23,1.64E+22,1.39E+22
1144,3.07E+14,1.79E+23,1.71E+22,1.45E+22
1145,3.16E+14,1.87E+23,1.79E+22,1.52E+22
1146,3.26E+14,1.97E+23,1.87E+22,1.58E+22
1147,3.35E+14,2.06E+23,1.95E+22,1.65E+22
1148,3.44E+14,2.15E+23,2.03E+22,1.72E+22
1149,3.54E+14,2.25E+23,2.12E+22,1.79E+22
1150,3.63E+14,2.36E+23,2.20E+22,1.87E+22
1151,3.76E+14,2.48E+23,2.31E+22,1.96E+22
1152,3.88E+14,2.61E+23,2.42E+22,2.05E+22
1153,4.01E+14,2.75E+23,2.54E+22,2.15E+22
1154,4.14E+14,2.89E+23,2.66E+22,2.25E+22
1155,4.26E+14,3.03E+23,2.78E+22,2.35E+22
1156,4.39E+14,3.18E+23,2.90E+22,2.45E+22
1157,4.52E+14,3.33E+23,3.03E+22,2.56E+22
1158,4.64E+14,3.49E+23,3.16E+22,2.66E+22
1159,4.77E+14,3.65E+23,3.29E+22,2.78E+22
1160,4.90E+14,3.81E+23,3.43E+22,2.89E+22
1161,5.07E+14,4.02E+23,3.60E+22,3.03E+22
1162,5.24E+14,4.23E+23,3.77E+22,3.18E+22
1163,5.41E+14,4.45E+23,3.95E+22,3.33E+22
1164,5.58E+14,4.68E+23,4.14E+22,3.48E+22
1165,5.75E+14,4.91E+23,4.33E+22,3.64E+22
1166,5.93E+14,5.15E+23,4.52E+22,3.80E+22
1167,6.10E+14,5.40E+23,4.72E+22,3.97E+22
1168,6.27E+14,5.65E+23,4.93E+22,4.14E+22
1169,6.44E+14,5.92E+23,5.14E+22,4.31E+22
1170,6.61E+14,6.19E+23,5.35E+22,4.49E+22
1171,6.84E+14,6.53E+23,5.62E+22,4.71E+22
1172,7.07E+14,6.87E+23,5.90E+22,4.94E+22
1173,7.31E+14,7.23E+23,6.18E+22,5.17E+22
1174,7.54E+14,7.60E+23,6.47E+22,5.42E+22
1175,7.77E+14,7.98E+23,6.77E+22,5.66E+22
1176,8.00E+14,8.37E+23,7.08E+22,5.92E+22
1177,8.24E+14,8.78E+23,7.39E+22,6.17E+22
1178,8.47E+14,9.20E+23,7.71E+22,6.44E+22
1179,8.70E+14,9.63E+23,8.04E+22,6.71E+22
1180,8.93E+14,1.01E+24,8.38E+22,6.99E+22
1181,9.25E+14,1.06E+24,8.81E+22,7.34E+22
1182,9.56E+14,1.12E+24,9.24E+22,7.70E+22
1183,9.87E+14,1.18E+24,9.69E+22,8.07E+22
1184,1.02E+15,1.24E+24,1.01E+23,8.45E+22
1185,1.05E+15,1.30E+24,1.06E+23,8.83E+22
1186,1.08E+15,1.36E+24,1.11E+23,9.23E+22
1187,1.11E+15,1.43E+24,1.16E+23,9.64E+22
1188,1.14E+15,1.50E+24,1.21E+23,1.01E+23
1189,1.18E+15,1.57E+24,1.26E+23,1.05E+23
1190,1.21E+15,1.64E+24,1.32E+23,1.09E+23
1191,1.25E+15,1.73E+24,1.38E+23,1.15E+23
1192,1.29E+15,1.83E+24,1.45E+23,1.20E+23
1193,1.34E+15,1.92E+24,1.52E+23,1.26E+23
1194,1.38E+15,2.02E+24,1.60E+23,1.32E+23
1195,1.42E+15,2.12E+24,1.67E+23,1.38E+23
1196,1.46E+15,2.23E+24,1.75E+23,1.44E+23
1197,1.51E+15,2.34E+24,1.83E+23,1.51E+23
1198,1.55E+15,2.45E+24,1.91E+23,1.57E+23
1199,1.59E+15,2.57E+24,1.99E+23,1.64E+23
1200,1.63E+15,2.68E+24,2.07E+23,1.71E+23
1201,1.69E+15,2.83E+24,2.18E+23,1.80E+23
1202,1.75E+15,2.99E+24,2.29E+23,1.89E+23
1203,1.81E+15,3.14E+24,2.40E+23,1.98E+23
1204,1.87E+15,3.31E+24,2.52E+23,2.07E+23
1205,1.92E+15,3.47E+24,2.63E+23,2.17E+23
1206,1.98E+15,3.65E+24,2.76E+23,2.27E+23
1207,2.04E+15,3.83E+24,2.88E+23,2.37E+23
1208,2.10E+15,4.01E+24,3.01E+23,2.47E+23
1209,2.15E+15,4.20E+24,3.14E+23,2.58E+23
1210,2.21E+15,4.40E+24,3.27E+23,2.69E+23
1211,2.29E+15,4.64E+24,3.44E+23,2.82E+23
1212,2.37E+15,4.89E+24,3.62E+23,2.96E+23
1213,2.45E+15,5.15E+24,3.79E+23,3.11E+23
1214,2.53E+15,5.42E+24,3.98E+23,3.26E+23
1215,2.60E+15,5.70E+24,4.17E+23,3.41E+23
1216,2.68E+15,5.98E+24,4.36E+23,3.56E+23
1217,2.76E+15,6.27E+24,4.56E+23,3.72E+23
1218,2.84E+15,6.58E+24,4.76E+23,3.89E+23
1219,2.92E+15,6.89E+24,4.97E+23,4.05E+23
1220,3.00E+15,7.21E+24,5.18E+23,4.23E+23
1221,3.10E+15,7.61E+24,5.45E+23,4.44E+23
1222,3.21E+15,8.03E+24,5.73E+23,4.67E+23
1223,3.32E+15,8.45E+24,6.01E+23,4.89E+23
1224,3.42E+15,8.89E+24,6.30E+23,5.13E+23
1225,3.53E+15,9.35E+24,6.60E+23,5.37E+23
1226,3.64E+15,9.82E+24,6.91E+23,5.62E+23
1227,3.74E+15,1.03E+25,7.23E+23,5.87E+23
1228,3.85E+15,1.08E+25,7.55E+23,6.13E+23
1229,3.96E+15,1.13E+25,7.88E+23,6.39E+23
1230,4.06E+15,1.18E+25,8.22E+23,6.67E+23
1231,4.21E+15,1.25E+25,8.65E+23,7.01E+23
1232,4.35E+15,1.32E+25,9.09E+23,7.36E+23
1233,4.50E+15,1.39E+25,9.64E+23,7.73E+23
1234,4.64E+15,1.46E+25,1.02E+24,8.10E+23
1235,4.79E+15,1.54E+25,1.08E+24,8.48E+23
1236,4.94E+15,1.61E+25,1.14E+24,8.87E+23
1237,5.08E+15,1.69E+25,1.20E+24,9.27E+23
1238,5.23E+15,1.78E+25,1.27E+24,9.68E+23
1239,5.37E+15,1.86E+25,1.34E+24,1.01E+24
1240,5.52E+15,1.95E+25,1.41E+24,1.05E+24
1241,5.71E+15,2.06E+25,1.50E+24,1.11E+24
1242,5.91E+15,2.17E+25,1.59E+24,1.16E+24
1243,6.11E+15,2.29E+25,1.68E+24,1.22E+24
1244,6.31E+15,2.41E+25,1.78E+24,1.28E+24
1245,6.50E+15,2.53E+25,1.88E+24,1.34E+24
1246,6.70E+15,2.66E+25,1.98E+24,1.40E+24
1247,6.90E+15,2.79E+25,2.09E+24,1.47E+24
1248,7.10E+15,2.92E+25,2.21E+24,1.53E+24
1249,7.29E+15,3.06E+25,2.32E+24,1.60E+24
1250,7.49E+15,3.21E+25,2.44E+24,1.67E+24
1251,7.76E+15,3.39E+25,2.59E+24,1.76E+24
1252,8.03E+15,3.57E+25,2.75E+24,1.85E+24
1253,8.30E+15,3.77E+25,2.91E+24,1.94E+24
1254,8.57E+15,3.96E+25,3.08E+24,2.03E+24
1255,8.83E+15,4.17E+25,3.25E+24,2.13E+24
1256,9.10E+15,4.38E+25,3.43E+24,2.23E+24
1257,9.37E+15,4.60E+25,3.62E+24,2.33E+24
1258,9.64E+15,4.82E+25,3.81E+24,2.43E+24
1259,9.91E+15,5.05E+25,4.02E+24,2.54E+24
1260,1.02E+16,5.29E+25,4.22E+24,2.65E+24
1261,1.05E+16,5.59E+25,4.48E+24,2.79E+24
1262,1.09E+16,5.89E+25,4.75E+24,2.93E+24
1263,1.13E+16,6.21E+25,5.03E+24,3.08E+24
1264,1.16E+16,6.54E+25,5.31E+24,3.22E+24
1265,1.20E+16,6.87E+25,5.61E+24,3.38E+24
1266,1.24E+16,7.22E+25,5.92E+24,3.54E+24
1267,1.27E+16,7.58E+25,6.24E+24,3.70E+24
1268,1.31E+16,7.95E+25,6.57E+24,3.86E+24
1269,1.35E+16,8.33E+25,6.91E+24,4.04E+24
1270,1.38E+16,8.72E+25,7.27E+24,4.21E+24
1271,1.43E+16,9.22E+25,7.71E+24,4.43E+24
1272,1.48E+16,9.72E+25,8.17E+24,4.66E+24
1273,1.53E+16,1.02E+26,8.64E+24,4.89E+24
1274,1.58E+16,1.08E+26,9.13E+24,5.13E+24
1275,1.63E+16,1.13E+26,9.64E+24,5.38E+24
1276,1.68E+16,1.19E+26,1.02E+25,5.63E+24
1277,1.73E+16,1.25E+26,1.07E+25,5.89E+24
1278,1.78E+16,1.31E+26,1.13E+25,6.15E+24
1279,1.83E+16,1.38E+26,1.19E+25,6.42E+24
1280,1.88E+16,1.44E+26,1.25E+25,6.70E+24
1281,1.95E+16,1.52E+26,1.32E+25,7.06E+24
1282,2.02E+16,1.60E+26,1.40E+25,7.42E+24
1283,2.09E+16,1.69E+26,1.48E+25,7.79E+24
1284,2.16E+16,1.78E+26,1.56E+25,8.17E+24
1285,2.23E+16,1.87E+26,1.65E+25,8.57E+24
1286,2.29E+16,1.97E+26,1.74E+25,8.97E+24
1287,2.36E+16,2.07E+26,1.84E+25,9.40E+24
1288,2.43E+16,2.17E+26,1.93E+25,9.83E+24
1289,2.50E+16,2.28E+26,2.03E+25,1.03E+25
1290,2.57E+16,2.39E+26,2.14E+25,1.07E+25
1291,2.66E+16,2.53E+26,2.27E+25,1.13E+25
1292,2.75E+16,2.67E+26,2.41E+25,1.19E+25
1293,2.85E+16,2.81E+26,2.55E+25,1.25E+25
1294,2.94E+16,2.96E+26,2.69E+25,1.31E+25
1295,3.03E+16,3.12E+26,2.84E+25,1.38E+25
1296,3.13E+16,3.28E+26,3.00E+25,1.45E+25
1297,3.22E+16,3.45E+26,3.16E+25,1.51E+25
1298,3.31E+16,3.60E+26,3.33E+25,1.58E+25
1299,3.40E+16,3.75E+26,3.50E+25,1.66E+25
1300,3.50E+16,3.91E+26,3.68E+25,1.73E+25
1301,3.62E+16,4.11E+26,3.90E+25,1.82E+25
1302,3.75E+16,4.32E+26,4.14E+25,1.92E+25
1303,3.88E+16,4.53E+26,4.38E+25,2.02E+25
1304,4.01E+16,4.74E+26,4.62E+25,2.12E+25
1305,4.13E+16,4.96E+26,4.88E+25,2.22E+25
1306,4.26E+16,5.19E+26,5.15E+25,2.33E+25
1307,4.39E+16,5.42E+26,5.42E+25,2.44E+25
1308,4.52E+16,5.66E+26,5.71E+25,2.55E+25
1309,4.64E+16,5.90E+26,6.01E+25,2.67E+25
1310,4.77E+16,6.15E+26,6.31E+25,2.79E+25
1311,4.94E+16,6.46E+26,6.69E+25,2.94E+25
1312,5.12E+16,6.78E+26,7.09E+25,3.10E+25
1313,5.29E+16,7.11E+26,7.50E+25,3.26E+25
1314,5.47E+16,7.45E+26,7.92E+25,3.42E+25
1315,5.64E+16,7.80E+26,8.36E+25,3.59E+25
1316,5.82E+16,8.15E+26,8.81E+25,3.76E+25
1317,5.99E+16,8.52E+26,9.28E+25,3.94E+25
1318,6.16E+16,8.89E+26,9.77E+25,4.12E+25
1319,6.34E+16,9.27E+26,1.03E+26,4.31E+25
1320,6.51E+16,9.66E+26,1.08E+26,4.50E+25
1321,6.75E+16,1.02E+27,1.14E+26,4.75E+25
1322,6.99E+16,1.07E+27,1.21E+26,5.00E+25
1323,7.23E+16,1.12E+27,1.28E+26,5.26E+25
1324,7.47E+16,1.17E+27,1.35E+26,5.52E+25
1325,7.70E+16,1.23E+27,1.43E+26,5.79E+25
1326,7.94E+16,1.28E+27,1.50E+26,6.07E+25
1327,8.18E+16,1.34E+27,1.58E+26,6.36E+25
1328,8.42E+16,1.40E+27,1.67E+26,6.66E+25
1329,8.66E+16,1.46E+27,1.75E+26,6.96E+25
1330,8.90E+16,1.52E+27,1.84E+26,7.28E+25
1331,9.22E+16,1.60E+27,1.95E+26,7.67E+25
1332,9.55E+16,1.68E+27,2.07E+26,8.08E+25
1333,9.87E+16,1.76E+27,2.18E+26,8.49E+25
1334,1.02E+17,1.84E+27,2.31E+26,8.92E+25
1335,1.05E+17,1.93E+27,2.43E+26,9.36E+25
1336,1.09E+17,2.01E+27,2.56E+26,9.82E+25
1337,1.12E+17,2.10E+27,2.70E+26,1.03E+26
1338,1.15E+17,2.20E+27,2.84E+26,1.08E+26
1339,1.18E+17,2.29E+27,2.98E+26,1.13E+26
1340,1.22E+17,2.39E+27,3.13E+26,1.18E+26
1341,1.26E+17,2.51E+27,3.32E+26,1.24E+26
1342,1.31E+17,2.63E+27,3.51E+26,1.31E+26
1343,1.35E+17,2.76E+27,3.71E+26,1.37E+26
1344,1.40E+17,2.89E+27,3.92E+26,1.44E+26
1345,1.44E+17,3.03E+27,4.13E+26,1.51E+26
1346,1.48E+17,3.17E+27,4.35E+26,1.59E+26
1347,1.53E+17,3.31E+27,4.58E+26,1.66E+26
1348,1.57E+17,3.45E+27,4.82E+26,1.74E+26
1349,1.62E+17,3.60E+27,5.06E+26,1.82E+26
1350,1.66E+17,3.75E+27,5.32E+26,1.90E+26
1351,1.72E+17,3.94E+27,5.63E+26,2.00E+26
1352,1.79E+17,4.14E+27,5.96E+26,2.11E+26
1353,1.85E+17,4.34E+27,6.30E+26,2.22E+26
1354,1.91E+17,4.55E+27,6.64E+26,2.33E+26
1355,1.97E+17,4.76E+27,7.01E+26,2.45E+26
1356,2.03E+17,4.98E+27,7.38E+26,2.57E+26
1357,2.09E+17,5.20E+27,7.76E+26,2.69E+26
1358,2.15E+17,5.42E+27,8.16E+26,2.81E+26
1359,2.22E+17,5.66E+27,8.58E+26,2.94E+26
1360,2.28E+17,5.89E+27,9.00E+26,3.08E+26
1361,2.36E+17,6.19E+27,9.53E+26,3.24E+26
1362,2.45E+17,6.50E+27,1.01E+27,3.41E+26
1363,2.53E+17,6.82E+27,1.07E+27,3.59E+26
1364,2.61E+17,7.15E+27,1.12E+27,3.77E+26
1365,2.70E+17,7.48E+27,1.19E+27,3.96E+26
1366,2.78E+17,7.82E+27,1.25E+27,4.15E+26
1367,2.87E+17,8.16E+27,1.31E+27,4.35E+26
1368,2.95E+17,8.52E+27,1.38E+27,4.55E+26
1369,3.04E+17,8.88E+27,1.45E+27,4.76E+26
1370,3.12E+17,9.26E+27,1.52E+27,4.98E+26
1371,3.24E+17,9.73E+27,1.61E+27,5.25E+26
1372,3.35E+17,1.02E+28,1.70E+27,5.53E+26
1373,3.47E+17,1.07E+28,1.80E+27,5.81E+26
1374,3.58E+17,1.12E+28,1.90E+27,6.11E+26
1375,3.70E+17,1.17E+28,2.00E+27,6.41E+26
1376,3.81E+17,1.23E+28,2.11E+27,6.72E+26
1377,3.93E+17,1.28E+28,2.21E+27,7.04E+26
1378,4.05E+17,1.34E+28,2.33E+27,7.37E+26
1379,4.16E+17,1.40E+28,2.44E+27,7.71E+26
1380,4.28E+17,1.45E+28,2.56E+27,8.05E+26
1381,4.44E+17,1.53E+28,2.71E+27,8.49E+26
1382,4.60E+17,1.60E+28,2.87E+27,8.94E+26
1383,4.75E+17,1.68E+28,3.03E+27,9.41E+26
1384,4.91E+17,1.76E+28,3.20E+27,9.89E+26
1385,5.07E+17,1.84E+28,3.37E+27,1.04E+27
1386,5.23E+17,1.93E+28,3.55E+27,1.09E+27
1387,5.39E+17,2.01E+28,3.73E+27,1.14E+27
1388,5.55E+17,2.10E+28,3.92E+27,1.19E+27
1389,5.71E+17,2.19E+28,4.11E+27,1.25E+27
1390,5.87E+17,2.28E+28,4.31E+27,1.30E+27
1391,6.09E+17,2.40E+28,4.57E+27,1.37E+27
1392,6.31E+17,2.52E+28,4.83E+27,1.45E+27
1393,6.53E+17,2.64E+28,5.10E+27,1.52E+27
1394,6.74E+17,2.77E+28,5.38E+27,1.60E+27
1395,6.96E+17,2.90E+28,5.66E+27,1.68E+27
1396,7.18E+17,3.03E+28,5.96E+27,1.76E+27
1397,7.40E+17,3.16E+28,6.27E+27,1.85E+27
1398,7.62E+17,3.30E+28,6.58E+27,1.93E+27
1399,7.84E+17,3.44E+28,6.91E+27,2.02E+27
1400,8.06E+17,3.58E+28,7.25E+27,2.11E+27
1401,8.36E+17,3.77E+28,7.67E+27,2.23E+27
1402,8.66E+17,3.95E+28,8.10E+27,2.34E+27
1403,8.96E+17,4.15E+28,8.56E+27,2.47E+27
1404,9.26E+17,4.34E+28,9.02E+27,2.59E+27
1405,9.56E+17,4.55E+28,9.50E+27,2.72E+27
1406,9.87E+17,4.75E+28,1.00E+28,2.85E+27
1407,1.02E+18,4.96E+28,1.05E+28,2.99E+27
1408,1.05E+18,5.18E+28,1.10E+28,3.13E+27
1409,1.08E+18,5.40E+28,1.16E+28,3.27E+27
1410,1.11E+18,5.62E+28,1.21E+28,3.42E+27
1411,1.15E+18,5.91E+28,1.29E+28,3.60E+27
1412,1.19E+18,6.21E+28,1.36E+28,3.80E+27
1413,1.23E+18,6.51E+28,1.43E+28,3.99E+27
1414,1.27E+18,6.82E+28,1.51E+28,4.20E+27
1415,1.31E+18,7.13E+28,1.59E+28,4.40E+27
1416,1.36E+18,7.45E+28,1.67E+28,4.62E+27
1417,1.40E+18,7.78E+28,1.76E+28,4.84E+27
1418,1.44E+18,8.12E+28,1.85E+28,5.06E+27
1419,1.48E+18,8.47E+28,1.94E+28,5.29E+27
1420,1.52E+18,8.82E+28,2.03E+28,5.53E+27
1421,1.58E+18,9.25E+28,2.15E+28,5.82E+27
1422,1.64E+18,9.69E+28,2.26E+28,6.12E+27
1423,1.69E+18,1.01E+29,2.41E+28,6.42E+27
1424,1.75E+18,1.06E+29,2.57E+28,6.81E+27
1425,1.81E+18,1.10E+29,2.73E+28,7.22E+27
1426,1.87E+18,1.15E+29,2.90E+28,7.64E+27
1427,1.92E+18,1.20E+29,3.08E+28,8.08E+27
1428,1.98E+18,1.25E+29,3.26E+28,8.53E+27
1429,2.04E+18,1.30E+29,3.45E+28,9.00E+27
1430,2.09E+18,1.35E+29,3.65E+28,9.49E+27
1431,2.17E+18,1.41E+29,3.89E+28,1.01E+28
1432,2.25E+18,1.48E+29,4.15E+28,1.07E+28
1433,2.33E+18,1.54E+29,4.41E+28,1.14E+28
1434,2.41E+18,1.61E+29,4.69E+28,1.20E+28
1435,2.49E+18,1.68E+29,4.97E+28,1.27E+28
1436,2.57E+18,1.75E+29,5.27E+28,1.35E+28
1437,2.65E+18,1.83E+29,5.57E+28,1.42E+28
1438,2.73E+18,1.90E+29,5.89E+28,1.50E+28
1439,2.81E+18,1.97E+29,6.22E+28,1.58E+28
1440,2.88E+18,2.05E+29,6.56E+28,1.66E+28
1441,2.99E+18,2.15E+29,6.99E+28,1.77E+28
1442,3.10E+18,2.25E+29,7.43E+28,1.87E+28
1443,3.21E+18,2.35E+29,7.88E+28,1.98E+28
1444,3.32E+18,2.45E+29,8.36E+28,2.10E+28
1445,3.43E+18,2.56E+29,8.85E+28,2.22E+28
1446,3.54E+18,2.67E+29,9.35E+28,2.34E+28
1447,3.65E+18,2.78E+29,9.88E+28,2.47E+28
1448,3.76E+18,2.89E+29,1.04E+29,2.60E+28
1449,3.87E+18,3.00E+29,1.10E+29,2.73E+28
1450,3.97E+18,3.12E+29,1.16E+29,2.87E+28
1451,4.13E+18,3.27E+29,1.23E+29,3.05E+28
1452,4.28E+18,3.42E+29,1.31E+29,3.23E+28
1453,4.43E+18,3.57E+29,1.38E+29,3.42E+28
1454,4.58E+18,3.73E+29,1.46E+29,3.61E+28
1455,4.73E+18,3.89E+29,1.55E+29,3.81E+28
1456,4.88E+18,4.06E+29,1.63E+29,4.02E+28
1457,5.03E+18,4.22E+29,1.72E+29,4.23E+28
1458,5.18E+18,4.39E+29,1.82E+29,4.45E+28
1459,5.33E+18,4.56E+29,1.91E+29,4.68E+28
1460,5.48E+18,4.74E+29,2.01E+29,4.91E+28
1461,5.69E+18,4.96E+29,2.13E+29,5.20E+28
1462,5.90E+18,5.20E+29,2.26E+29,5.51E+28
1463,6.11E+18,5.43E+29,2.39E+29,5.82E+28
1464,6.31E+18,5.67E+29,2.53E+29,6.14E+28
1465,6.52E+18,5.91E+29,2.67E+29,6.48E+28
1466,6.73E+18,6.16E+29,2.82E+29,6.82E+28
1467,6.94E+18,6.41E+29,2.97E+29,7.18E+28
1468,7.15E+18,6.67E+29,3.12E+29,7.54E+28
1469,7.36E+18,6.93E+29,3.28E+29,7.92E+28
1470,7.56E+18,7.19E+29,3.45E+29,8.31E+28
1471,7.85E+18,7.53E+29,3.66E+29,8.80E+28
1472,8.14E+18,7.88E+29,3.87E+29,9.31E+28
1473,8.43E+18,8.24E+29,4.09E+29,9.83E+28
1474,8.72E+18,8.60E+29,4.32E+29,1.04E+29
1475,9.00E+18,8.97E+29,4.56E+29,1.09E+29
1476,9.29E+18,9.35E+29,4.80E+29,1.15E+29
1477,9.58E+18,9.73E+29,5.05E+29,1.21E+29
1478,9.87E+18,1.01E+30,5.31E+29,1.27E+29
1479,1.02E+19,1.05E+30,5.58E+29,1.33E+29
1480,1.04E+19,1.09E+30,5.85E+29,1.40E+29
1481,1.08E+19,1.14E+30,6.20E+29,1.48E+29
1482,1.12E+19,1.20E+30,6.56E+29,1.56E+29
1483,1.16E+19,1.25E+30,6.93E+29,1.65E+29
1484,1.20E+19,1.30E+30,7.31E+29,1.74E+29
1485,1.24E+19,1.36E+30,7.70E+29,1.83E+29
1486,1.28E+19,1.42E+30,8.11E+29,1.92E+29
1487,1.32E+19,1.47E+30,8.52E+29,2.02E+29
1488,1.36E+19,1.53E+30,8.95E+29,2.12E+29
1489,1.40E+19,1.59E+30,9.40E+29,2.22E+29
1490,1.44E+19,1.65E+30,9.85E+29,2.33E+29
1491,1.50E+19,1.73E+30,1.04E+30,2.46E+29
1492,1.55E+19,1.81E+30,1.10E+30,2.60E+29
1493,1.61E+19,1.89E+30,1.16E+30,2.74E+29
1494,1.66E+19,1.98E+30,1.23E+30,2.89E+29
1495,1.72E+19,2.06E+30,1.29E+30,3.04E+29
1496,1.78E+19,2.15E+30,1.36E+30,3.19E+29
1497,1.83E+19,2.23E+30,1.43E+30,3.35E+29
1498,1.89E+19,2.32E+30,1.50E+30,3.52E+29
1499,1.94E+19,2.41E+30,1.57E+30,3.68E+29
1500,2.00E+19,2.50E+30,1.65E+30,3.86E+29
1501,2.07E+19,2.62E+30,1.74E+30,4.08E+29
1502,2.15E+19,2.74E+30,1.84E+30,4.30E+29
1503,2.23E+19,2.86E+30,1.94E+30,4.54E+29
1504,2.30E+19,2.99E+30,2.04E+30,4.78E+29
1505,2.38E+19,3.12E+30,2.15E+30,5.02E+29
1506,2.46E+19,3.25E+30,2.26E+30,5.27E+29
1507,2.53E+19,3.38E+30,2.37E+30,5.53E+29
1508,2.61E+19,3.51E+30,2.49E+30,5.80E+29
1509,2.69E+19,3.65E+30,2.61E+30,6.08E+29
1510,2.76E+19,3.78E+30,2.73E+30,6.36E+29
1511,2.87E+19,3.96E+30,2.89E+30,6.72E+29
1512,2.98E+19,4.15E+30,3.05E+30,7.09E+29
1513,3.08E+19,4.33E+30,3.21E+30,7.47E+29
1514,3.19E+19,4.52E+30,3.38E+30,7.86E+29
1515,3.30E+19,4.71E+30,3.56E+30,8.26E+29
1516,3.40E+19,4.91E+30,3.74E+30,8.67E+29
1517,3.51E+19,5.11E+30,3.92E+30,9.09E+29
1518,3.61E+19,5.31E+30,4.11E+30,9.53E+29
1519,3.72E+19,5.51E+30,4.31E+30,9.97E+29
1520,3.83E+19,5.72E+30,4.51E+30,1.04E+30
1521,3.97E+19,5.99E+30,4.76E+30,1.10E+30
1522,4.12E+19,6.27E+30,5.03E+30,1.16E+30
1523,4.27E+19,6.55E+30,5.30E+30,1.22E+30
1524,4.42E+19,6.83E+30,5.57E+30,1.29E+30
1525,4.57E+19,7.12E+30,5.86E+30,1.35E+30
1526,4.71E+19,7.42E+30,6.15E+30,1.42E+30
1527,4.86E+19,7.71E+30,6.45E+30,1.49E+30
1528,5.01E+19,8.02E+30,6.76E+30,1.56E+30
1529,5.16E+19,8.32E+30,7.08E+30,1.63E+30
1530,5.30E+19,8.64E+30,7.40E+30,1.70E+30
1531,5.51E+19,9.05E+30,7.82E+30,1.80E+30
1532,5.71E+19,9.46E+30,8.25E+30,1.90E+30
1533,5.92E+19,9.89E+30,8.69E+30,2.00E+30
1534,6.13E+19,1.03E+31,9.14E+30,2.10E+30
1535,6.33E+19,1.08E+31,9.60E+30,2.20E+30
1536,6.54E+19,1.12E+31,1.01E+31,2.31E+30
1537,6.74E+19,1.16E+31,1.06E+31,2.42E+30
1538,6.95E+19,1.21E+31,1.11E+31,2.54E+30
1539,7.15E+19,1.26E+31,1.16E+31,2.65E+30
1540,7.36E+19,1.30E+31,1.21E+31,2.77E+30
1541,7.64E+19,1.37E+31,1.28E+31,2.93E+30
1542,7.93E+19,1.43E+31,1.35E+31,3.08E+30
1543,8.21E+19,1.49E+31,1.42E+31,3.25E+30
1544,8.50E+19,1.56E+31,1.49E+31,3.41E+30
1545,8.78E+19,1.62E+31,1.57E+31,3.58E+30
1546,9.07E+19,1.69E+31,1.64E+31,3.76E+30
1547,9.36E+19,1.76E+31,1.72E+31,3.93E+30
1548,9.64E+19,1.83E+31,1.80E+31,4.12E+30
1549,9.93E+19,1.90E+31,1.89E+31,4.30E+30
1550,1.02E+20,1.97E+31,1.97E+31,4.50E+30
1551,1.06E+20,2.06E+31,2.08E+31,4.74E+30
1552,1.10E+20,2.15E+31,2.19E+31,5.00E+30
1553,1.14E+20,2.25E+31,2.31E+31,5.26E+30
1554,1.18E+20,2.35E+31,2.42E+31,5.52E+30
1555,1.22E+20,2.45E+31,2.55E+31,5.80E+30
1556,1.26E+20,2.55E+31,2.67E+31,6.08E+30
1557,1.30E+20,2.65E+31,2.80E+31,6.36E+30
1558,1.34E+20,2.75E+31,2.93E+31,6.66E+30
1559,1.38E+20,2.86E+31,3.06E+31,6.96E+30
1560,1.42E+20,2.97E+31,3.20E+31,7.27E+30
1561,1.47E+20,3.11E+31,3.37E+31,7.67E+30
1562,1.53E+20,3.25E+31,3.55E+31,8.07E+30
1563,1.58E+20,3.40E+31,3.74E+31,8.50E+30
1564,1.64E+20,3.55E+31,3.94E+31,8.95E+30
1565,1.69E+20,3.71E+31,4.15E+31,9.41E+30
1566,1.75E+20,3.87E+31,4.36E+31,9.88E+30
1567,1.81E+20,4.04E+31,4.57E+31,1.04E+31
1568,1.86E+20,4.20E+31,4.79E+31,1.09E+31
1569,1.92E+20,4.37E+31,5.02E+31,1.14E+31
1570,1.97E+20,4.54E+31,5.26E+31,1.19E+31
1571,2.05E+20,4.77E+31,5.56E+31,1.26E+31
1572,2.13E+20,5.00E+31,5.87E+31,1.33E+31
1573,2.20E+20,5.23E+31,6.18E+31,1.40E+31
1574,2.28E+20,5.47E+31,6.51E+31,1.47E+31
1575,2.36E+20,5.72E+31,6.84E+31,1.55E+31
1576,2.43E+20,5.96E+31,7.19E+31,1.63E+31
1577,2.51E+20,6.21E+31,7.54E+31,1.71E+31
1578,2.59E+20,6.47E+31,7.90E+31,1.79E+31
1579,2.67E+20,6.73E+31,8.28E+31,1.87E+31
1580,2.74E+20,6.99E+31,8.66E+31,1.96E+31
1581,2.85E+20,7.34E+31,9.15E+31,2.07E+31
1582,2.96E+20,7.69E+31,9.65E+31,2.18E+31
1583,3.06E+20,8.05E+31,1.02E+32,2.30E+31
1584,3.17E+20,8.41E+31,1.07E+32,2.41E+31
1585,3.28E+20,8.79E+31,1.12E+32,2.54E+31
1586,3.39E+20,9.16E+31,1.18E+32,2.66E+31
1587,3.49E+20,9.55E+31,1.24E+32,2.79E+31
1588,3.60E+20,9.94E+31,1.30E+32,2.92E+31
1589,3.71E+20,1.03E+32,1.36E+32,3.06E+31
1590,3.82E+20,1.07E+32,1.42E+32,3.20E+31
1591,3.97E+20,1.13E+32,1.50E+32,3.38E+31
1592,4.12E+20,1.18E+32,1.58E+32,3.56E+31
1593,4.27E+20,1.24E+32,1.66E+32,3.75E+31
1594,4.42E+20,1.29E+32,1.75E+32,3.94E+31
1595,4.57E+20,1.35E+32,1.84E+32,4.14E+31
1596,4.72E+20,1.41E+32,1.93E+32,4.34E+31
1597,4.87E+20,1.46E+32,2.02E+32,4.55E+31
1598,5.02E+20,1.52E+32,2.12E+32,4.77E+31
1599,5.17E+20,1.58E+32,2.22E+32,4.98E+31
1600,5.32E+20,1.64E+32,2.30E+32,5.21E+31
1601,5.53E+20,1.73E+32,2.42E+32,5.57E+31
1602,5.74E+20,1.81E+32,2.53E+32,5.94E+31
1603,5.95E+20,1.89E+32,2.65E+32,6.33E+31
1604,6.16E+20,1.98E+32,2.77E+32,6.73E+31
1605,6.37E+20,2.06E+32,2.89E+32,7.15E+31
1606,6.57E+20,2.15E+32,3.01E+32,7.58E+31
1607,6.78E+20,2.24E+32,3.14E+32,8.03E+31
1608,6.99E+20,2.33E+32,3.26E+32,8.50E+31
1609,7.20E+20,2.42E+32,3.39E+32,8.98E+31
1610,7.41E+20,2.52E+32,3.52E+32,9.48E+31
1611,7.71E+20,2.64E+32,3.70E+32,1.01E+32
1612,8.00E+20,2.77E+32,3.87E+32,1.08E+32
1613,8.29E+20,2.89E+32,4.05E+32,1.14E+32
1614,8.58E+20,3.02E+32,4.23E+32,1.21E+32
1615,8.88E+20,3.15E+32,4.42E+32,1.29E+32
1616,9.17E+20,3.29E+32,4.60E+32,1.36E+32
1617,9.46E+20,3.42E+32,4.79E+32,1.44E+32
1618,9.76E+20,3.56E+32,4.99E+32,1.52E+32
1619,1.00E+21,3.70E+32,5.18E+32,1.60E+32
1620,1.03E+21,3.84E+32,5.38E+32,1.69E+32
1621,1.08E+21,4.03E+32,5.64E+32,1.79E+32
1622,1.12E+21,4.22E+32,5.91E+32,1.91E+32
1623,1.16E+21,4.42E+32,6.18E+32,2.02E+32
1624,1.20E+21,4.61E+32,6.46E+32,2.14E+32
1625,1.24E+21,4.81E+32,6.74E+32,2.27E+32
1626,1.28E+21,5.02E+32,7.02E+32,2.39E+32
1627,1.32E+21,5.22E+32,7.31E+32,2.53E+32
1628,1.36E+21,5.43E+32,7.61E+32,2.66E+32
1629,1.40E+21,5.65E+32,7.90E+32,2.80E+32
1630,1.44E+21,5.86E+32,8.21E+32,2.95E+32
1631,1.50E+21,6.15E+32,8.61E+32,3.13E+32
1632,1.56E+21,6.44E+32,9.01E+32,3.32E+32
1633,1.62E+21,6.73E+32,9.43E+32,3.52E+32
1634,1.67E+21,7.03E+32,9.84E+32,3.72E+32
1635,1.73E+21,7.34E+32,1.03E+33,3.93E+32
1636,1.79E+21,7.64E+32,1.07E+33,4.14E+32
1637,1.84E+21,7.96E+32,1.11E+33,4.37E+32
1638,1.90E+21,8.28E+32,1.16E+33,4.60E+32
1639,1.96E+21,8.60E+32,1.20E+33,4.83E+32
1640,2.02E+21,8.93E+32,1.25E+33,5.08E+32
1641,2.10E+21,9.36E+32,1.31E+33,5.39E+32
1642,2.18E+21,9.80E+32,1.37E+33,5.71E+32
1643,2.26E+21,1.03E+33,1.44E+33,6.04E+32
1644,2.34E+21,1.07E+33,1.50E+33,6.38E+32
1645,2.42E+21,1.12E+33,1.56E+33,6.73E+32
1646,2.50E+21,1.16E+33,1.63E+33,7.09E+32
1647,2.58E+21,1.21E+33,1.70E+33,7.46E+32
1648,2.66E+21,1.26E+33,1.76E+33,7.84E+32
1649,2.74E+21,1.31E+33,1.83E+33,8.24E+32
1650,2.82E+21,1.36E+33,1.90E+33,8.64E+32
1651,2.93E+21,1.42E+33,1.99E+33,9.16E+32
1652,3.04E+21,1.49E+33,2.09E+33,9.70E+32
1653,3.16E+21,1.56E+33,2.18E+33,1.02E+33
1654,3.27E+21,1.63E+33,2.28E+33,1.08E+33
1655,3.38E+21,1.70E+33,2.38E+33,1.14E+33
1656,3.49E+21,1.77E+33,2.48E+33,1.20E+33
1657,3.61E+21,1.84E+33,2.58E+33,1.26E+33
1658,3.72E+21,1.91E+33,2.68E+33,1.33E+33
1659,3.83E+21,1.99E+33,2.78E+33,1.39E+33
1660,3.94E+21,2.06E+33,2.89E+33,1.46E+33
1661,4.10E+21,2.16E+33,3.03E+33,1.54E+33
1662,4.26E+21,2.27E+33,3.17E+33,1.63E+33
1663,4.42E+21,2.37E+33,3.32E+33,1.72E+33
1664,4.58E+21,2.47E+33,3.46E+33,1.82E+33
1665,4.73E+21,2.58E+33,3.61E+33,1.91E+33
1666,4.89E+21,2.69E+33,3.76E+33,2.01E+33
1667,5.05E+21,2.80E+33,3.91E+33,2.12E+33
1668,5.21E+21,2.91E+33,4.07E+33,2.22E+33
1669,5.36E+21,3.02E+33,4.23E+33,2.33E+33
1670,5.52E+21,3.13E+33,4.39E+33,2.44E+33
1671,5.74E+21,3.28E+33,4.60E+33,2.58E+33
1672,5.96E+21,3.44E+33,4.81E+33,2.73E+33
1673,6.19E+21,3.59E+33,5.03E+33,2.88E+33
1674,6.41E+21,3.75E+33,5.25E+33,3.03E+33
1675,6.63E+21,3.91E+33,5.48E+33,3.19E+33
1676,6.85E+21,4.08E+33,5.71E+33,3.35E+33
1677,7.07E+21,4.24E+33,5.94E+33,3.52E+33
1678,7.29E+21,4.41E+33,6.17E+33,3.69E+33
1679,7.51E+21,4.58E+33,6.41E+33,3.87E+33
1680,7.74E+21,4.75E+33,6.65E+33,4.05E+33
1681,8.05E+21,4.98E+33,6.97E+33,4.28E+33
1682,8.36E+21,5.21E+33,7.30E+33,4.52E+33
1683,8.67E+21,5.45E+33,7.63E+33,4.77E+33
1684,8.98E+21,5.69E+33,7.97E+33,5.02E+33
1685,9.29E+21,5.93E+33,8.31E+33,5.28E+33
1686,9.60E+21,6.20E+33,8.68E+33,5.56E+33
1687,9.91E+21,6.48E+33,9.07E+33,5.86E+33
1688,1.02E+22,6.76E+33,9.47E+33,6.17E+33
1689,1.05E+22,7.05E+33,9.87E+33,6.49E+33
1690,1.08E+22,7.34E+33,1.03E+34,6.82E+33
1691,1.13E+22,7.73E+33,1.08E+34,7.24E+33
1692,1.17E+22,8.13E+33,1.14E+34,7.67E+33
1693,1.22E+22,8.53E+33,1.19E+34,8.11E+33
1694,1.26E+22,8.94E+33,1.25E+34,8.57E+33
1695,1.30E+22,9.35E+33,1.31E+34,9.05E+33
1696,1.35E+22,9.78E+33,1.37E+34,9.53E+33
1697,1.39E+22,1.02E+34,1.43E+34,1.00E+34
1698,1.43E+22,1.07E+34,1.49E+34,1.06E+34
1699,1.48E+22,1.11E+34,1.55E+34,1.11E+34
1700,1.52E+22,1.16E+34,1.62E+34,1.16E+34
1701,1.58E+22,1.22E+34,1.70E+34,1.23E+34
1702,1.64E+22,1.28E+34,1.79E+34,1.31E+34
1703,1.71E+22,1.34E+34,1.88E+34,1.38E+34
1704,1.77E+22,1.40E+34,1.97E+34,1.46E+34
1705,1.83E+22,1.47E+34,2.06E+34,1.54E+34
1706,1.89E+22,1.54E+34,2.15E+34,1.62E+34
1707,1.95E+22,1.60E+34,2.24E+34,1.70E+34
1708,2.01E+22,1.67E+34,2.34E+34,1.79E+34
1709,2.08E+22,1.74E+34,2.44E+34,1.88E+34
1710,2.14E+22,1.81E+34,2.54E+34,1.97E+34
1711,2.22E+22,1.91E+34,2.67E+34,2.09E+34
1712,2.31E+22,2.00E+34,2.80E+34,2.21E+34
1713,2.40E+22,2.10E+34,2.94E+34,2.33E+34
1714,2.48E+22,2.20E+34,3.08E+34,2.46E+34
1715,2.57E+22,2.30E+34,3.22E+34,2.59E+34
1716,2.66E+22,2.40E+34,3.36E+34,2.73E+34
1717,2.74E+22,2.50E+34,3.51E+34,2.86E+34
1718,2.83E+22,2.61E+34,3.65E+34,3.01E+34
1719,2.92E+22,2.72E+34,3.81E+34,3.15E+34
1720,3.00E+22,2.83E+34,3.96E+34,3.31E+34
1721,3.12E+22,2.97E+34,4.16E+34,3.50E+34
1722,3.25E+22,3.12E+34,4.37E+34,3.70E+34
1723,3.37E+22,3.27E+34,4.58E+34,3.91E+34
1724,3.49E+22,3.42E+34,4.79E+34,4.12E+34
1725,3.61E+22,3.58E+34,5.01E+34,4.34E+34
1726,3.73E+22,3.74E+34,5.23E+34,4.56E+34
1727,3.85E+22,3.90E+34,5.46E+34,4.79E+34
1728,3.98E+22,4.06E+34,5.69E+34,5.02E+34
1729,4.10E+22,4.23E+34,5.92E+34,5.27E+34
1730,4.22E+22,4.40E+34,6.16E+34,5.51E+34
1731,4.39E+22,4.62E+34,6.47E+34,5.83E+34
1732,4.56E+22,4.85E+34,6.79E+34,6.16E+34
1733,4.74E+22,5.08E+34,7.12E+34,6.50E+34
1734,4.91E+22,5.32E+34,7.45E+34,6.85E+34
1735,5.08E+22,5.56E+34,7.78E+34,7.21E+34
1736,5.25E+22,5.80E+34,8.12E+34,7.58E+34
1737,5.42E+22,6.05E+34,8.47E+34,7.95E+34
1738,5.59E+22,6.30E+34,8.82E+34,8.34E+34
1739,5.77E+22,6.56E+34,9.18E+34,8.74E+34
1740,5.94E+22,6.82E+34,9.55E+34,9.14E+34
1741,6.18E+22,7.17E+34,1.00E+35,9.67E+34
1742,6.42E+22,7.52E+34,1.05E+35,1.02E+35
1743,6.67E+22,7.88E+34,1.10E+35,1.08E+35
1744,6.91E+22,8.24E+34,1.15E+35,1.13E+35
1745,7.15E+22,8.61E+34,1.21E+35,1.19E+35
1746,7.39E+22,8.98E+34,1.26E+35,1.25E+35
1747,7.63E+22,9.37E+34,1.31E+35,1.31E+35
1748,7.88E+22,9.75E+34,1.37E+35,1.38E+35
1749,8.12E+22,1.01E+35,1.42E+35,1.44E+35
1750,8.36E+22,1.05E+35,1.48E+35,1.51E+35
1751,8.70E+22,1.11E+35,1.55E+35,1.59E+35
1752,9.05E+22,1.16E+35,1.63E+35,1.68E+35
1753,9.39E+22,1.22E+35,1.70E+35,1.77E+35
1754,9.73E+22,1.27E+35,1.78E+35,1.87E+35
1755,1.01E+23,1.33E+35,1.86E+35,1.96E+35
1756,1.04E+23,1.39E+35,1.94E+35,2.06E+35
1757,1.08E+23,1.45E+35,2.02E+35,2.16E+35
1758,1.11E+23,1.51E+35,2.11E+35,2.26E+35
1759,1.14E+23,1.57E+35,2.19E+35,2.37E+35
1760,1.18E+23,1.63E+35,2.28E+35,2.48E+35
1761,1.23E+23,1.71E+35,2.39E+35,2.62E+35
1762,1.27E+23,1.79E+35,2.51E+35,2.76E+35
1763,1.32E+23,1.88E+35,2.63E+35,2.91E+35
1764,1.37E+23,1.96E+35,2.75E+35,3.06E+35
1765,1.42E+23,2.05E+35,2.87E+35,3.21E+35
1766,1.47E+23,2.14E+35,2.99E+35,3.37E+35
1767,1.52E+23,2.23E+35,3.12E+35,3.53E+35
1768,1.56E+23,2.32E+35,3.25E+35,3.70E+35
1769,1.61E+23,2.41E+35,3.38E+35,3.87E+35
1770,1.66E+23,2.51E+35,3.51E+35,4.05E+35
1771,1.73E+23,2.63E+35,3.68E+35,4.27E+35
1772,1.80E+23,2.76E+35,3.86E+35,4.51E+35
1773,1.87E+23,2.89E+35,4.04E+35,4.75E+35
1774,1.93E+23,3.02E+35,4.23E+35,4.99E+35
1775,2.00E+23,3.15E+35,4.41E+35,5.24E+35
1776,2.07E+23,3.29E+35,4.60E+35,5.50E+35
1777,2.14E+23,3.43E+35,4.80E+35,5.76E+35
1778,2.21E+23,3.56E+35,4.99E+35,6.03E+35
1779,2.28E+23,3.71E+35,5.19E+35,6.30E+35
1780,2.34E+23,3.85E+35,5.39E+35,6.59E+35
1781,2.44E+23,4.04E+35,5.66E+35,6.95E+35
1782,2.54E+23,4.24E+35,5.93E+35,7.33E+35
1783,2.63E+23,4.44E+35,6.21E+35,7.72E+35
1784,2.73E+23,4.64E+35,6.49E+35,8.11E+35
1785,2.83E+23,4.84E+35,6.78E+35,8.52E+35
1786,2.92E+23,5.05E+35,7.07E+35,8.93E+35
1787,3.02E+23,5.26E+35,7.36E+35,9.36E+35
1788,3.12E+23,5.47E+35,7.66E+35,9.79E+35
1789,3.21E+23,5.69E+35,7.96E+35,1.02E+36
1790,3.31E+23,5.91E+35,8.27E+35,1.07E+36
1791,3.45E+23,6.20E+35,8.68E+35,1.13E+36
1792,3.58E+23,6.50E+35,9.10E+35,1.19E+36
1793,3.72E+23,6.80E+35,9.52E+35,1.25E+36
1794,3.86E+23,7.11E+35,9.95E+35,1.31E+36
1795,3.99E+23,7.42E+35,1.04E+36,1.38E+36
1796,4.13E+23,7.74E+35,1.08E+36,1.45E+36
1797,4.27E+23,8.08E+35,1.13E+36,1.52E+36
1798,4.40E+23,8.44E+35,1.18E+36,1.60E+36
1799,4.54E+23,8.81E+35,1.23E+36,1.67E+36
1800,4.68E+23,9.19E+35,1.29E+36,1.75E+36
1801,4.87E+23,9.69E+35,1.36E+36,1.84E+36
1802,5.06E+23,1.02E+36,1.43E+36,1.94E+36
1803,5.26E+23,1.07E+36,1.50E+36,2.03E+36
1804,5.45E+23,1.12E+36,1.57E+36,2.13E+36
1805,5.64E+23,1.18E+36,1.65E+36,2.24E+36
1806,5.84E+23,1.23E+36,1.72E+36,2.34E+36
1807,6.03E+23,1.29E+36,1.80E+36,2.45E+36
1808,6.23E+23,1.34E+36,1.88E+36,2.55E+36
1809,6.42E+23,1.40E+36,1.96E+36,2.66E+36
1810,6.61E+23,1.46E+36,2.05E+36,2.78E+36
1811,6.89E+23,1.54E+36,2.15E+36,2.92E+36
1812,7.16E+23,1.62E+36,2.27E+36,3.08E+36
1813,7.44E+23,1.70E+36,2.38E+36,3.23E+36
1814,7.71E+23,1.78E+36,2.50E+36,3.39E+36
1815,7.98E+23,1.87E+36,2.61E+36,3.55E+36
1816,8.26E+23,1.95E+36,2.73E+36,3.71E+36
1817,8.53E+23,2.04E+36,2.85E+36,3.87E+36
1818,8.81E+23,2.13E+36,2.98E+36,4.04E+36
1819,9.08E+23,2.22E+36,3.11E+36,4.21E+36
1820,9.36E+23,2.31E+36,3.23E+36,4.39E+36
1821,9.75E+23,2.43E+36,3.41E+36,4.62E+36
1822,1.01E+24,2.56E+36,3.58E+36,4.86E+36
1823,1.05E+24,2.68E+36,3.76E+36,5.10E+36
1824,1.09E+24,2.81E+36,3.94E+36,5.34E+36
1825,1.13E+24,2.94E+36,4.12E+36,5.59E+36
1826,1.17E+24,3.08E+36,4.31E+36,5.85E+36
1827,1.21E+24,3.21E+36,4.50E+36,6.10E+36
1828,1.25E+24,3.35E+36,4.69E+36,6.37E+36
1829,1.29E+24,3.49E+36,4.89E+36,6.63E+36
1830,1.32E+24,3.64E+36,5.09E+36,6.91E+36
1831,1.38E+24,3.83E+36,5.36E+36,7.27E+36
1832,1.44E+24,4.02E+36,5.63E+36,7.64E+36
1833,1.49E+24,4.22E+36,5.90E+36,8.01E+36
1834,1.55E+24,4.42E+36,6.19E+36,8.39E+36
1835,1.60E+24,4.62E+36,6.47E+36,8.78E+36
1836,1.66E+24,4.83E+36,6.76E+36,9.18E+36
1837,1.71E+24,5.04E+36,7.06E+36,9.58E+36
1838,1.77E+24,5.26E+36,7.36E+36,9.99E+36
1839,1.82E+24,5.47E+36,7.66E+36,1.04E+37
1840,1.88E+24,5.70E+36,7.98E+36,1.08E+37
1841,1.96E+24,5.99E+36,8.39E+36,1.14E+37
1842,2.03E+24,6.30E+36,8.81E+36,1.20E+37
1843,2.11E+24,6.60E+36,9.24E+36,1.25E+37
1844,2.19E+24,6.91E+36,9.68E+36,1.31E+37
1845,2.27E+24,7.23E+36,1.01E+37,1.37E+37
1846,2.35E+24,7.55E+36,1.06E+37,1.44E+37
1847,2.43E+24,7.88E+36,1.10E+37,1.50E+37
1848,2.51E+24,8.21E+36,1.15E+37,1.56E+37
1849,2.58E+24,8.55E+36,1.20E+37,1.62E+37
1850,2.66E+24,8.90E+36,1.25E+37,1.69E+37
1851,2.77E+24,9.36E+36,1.31E+37,1.78E+37
1852,2.89E+24,9.82E+36,1.38E+37,1.87E+37
1853,3.00E+24,1.03E+37,1.44E+37,1.96E+37
1854,3.11E+24,1.08E+37,1.51E+37,2.05E+37
1855,3.22E+24,1.13E+37,1.58E+37,2.14E+37
1856,3.33E+24,1.18E+37,1.65E+37,2.24E+37
1857,3.44E+24,1.23E+37,1.72E+37,2.33E+37
1858,3.55E+24,1.28E+37,1.79E+37,2.43E+37
1859,3.67E+24,1.33E+37,1.86E+37,2.53E+37
1860,3.78E+24,1.38E+37,1.94E+37,2.63E+37
1861,3.94E+24,1.46E+37,2.04E+37,2.77E+37
1862,4.09E+24,1.53E+37,2.14E+37,2.90E+37
1863,4.25E+24,1.60E+37,2.24E+37,3.04E+37
1864,4.41E+24,1.68E+37,2.35E+37,3.19E+37
1865,4.57E+24,1.75E+37,2.45E+37,3.33E+37
1866,4.73E+24,1.83E+37,2.56E+37,3.48E+37
1867,4.89E+24,1.91E+37,2.67E+37,3.63E+37
1868,5.05E+24,1.99E+37,2.78E+37,3.78E+37
1869,5.21E+24,2.07E+37,2.90E+37,3.93E+37
1870,5.36E+24,2.15E+37,3.01E+37,4.09E+37
1871,5.59E+24,2.26E+37,3.16E+37,4.29E+37
1872,5.82E+24,2.37E+37,3.32E+37,4.51E+37
1873,6.04E+24,2.49E+37,3.48E+37,4.72E+37
1874,6.27E+24,2.60E+37,3.64E+37,4.94E+37
1875,6.49E+24,2.72E+37,3.81E+37,5.16E+37
1876,6.72E+24,2.84E+37,3.97E+37,5.39E+37
1877,6.94E+24,2.96E+37,4.14E+37,5.62E+37
1878,7.17E+24,3.08E+37,4.31E+37,5.85E+37
1879,7.40E+24,3.20E+37,4.49E+37,6.09E+37
1880,7.62E+24,3.33E+37,4.66E+37,6.33E+37
1881,7.94E+24,3.50E+37,4.90E+37,6.65E+37
1882,8.27E+24,3.67E+37,5.14E+37,6.98E+37
1883,8.59E+24,3.85E+37,5.39E+37,7.31E+37
1884,8.91E+24,4.03E+37,5.64E+37,7.65E+37
1885,9.23E+24,4.21E+37,5.89E+37,7.99E+37
1886,9.55E+24,4.39E+37,6.14E+37,8.34E+37
1887,9.87E+24,4.57E+37,6.40E+37,8.69E+37
1888,1.02E+25,4.76E+37,6.67E+37,9.05E+37
1889,1.05E+25,4.95E+37,6.94E+37,9.41E+37
1890,1.08E+25,5.15E+37,7.21E+37,9.78E+37
1891,1.13E+25,5.41E+37,7.57E+37,1.03E+38
1892,1.18E+25,5.68E+37,7.95E+37,1.08E+38
1893,1.22E+25,5.94E+37,8.32E+37,1.13E+38
1894,1.27E+25,6.22E+37,8.71E+37,1.18E+38
1895,1.31E+25,6.50E+37,9.09E+37,1.23E+38
1896,1.36E+25,6.78E+37,9.49E+37,1.29E+38
1897,1.40E+25,7.06E+37,9.89E+37,1.34E+38
1898,1.45E+25,7.35E+37,1.03E+38,1.40E+38
1899,1.50E+25,7.64E+37,1.07E+38,1.45E+38
1900,1.54E+25,7.91E+37,1.11E+38,1.50E+38
1901,1.61E+25,8.26E+37,1.16E+38,1.57E+38
1902,1.67E+25,8.61E+37,1.21E+38,1.64E+38
1903,1.74E+25,8.97E+37,1.26E+38,1.70E+38
1904,1.80E+25,9.33E+37,1.31E+38,1.77E+38
1905,1.87E+25,9.69E+37,1.36E+38,1.84E+38
1906,1.93E+25,1.00E+38,1.41E+38,1.91E+38
1907,2.00E+25,1.04E+38,1.46E+38,1.98E+38
1908,2.07E+25,1.08E+38,1.51E+38,2.05E+38
1909,2.13E+25,1.11E+38,1.56E+38,2.12E+38
1910,2.20E+25,1.15E+38,1.61E+38,2.19E+38
1911,2.29E+25,1.20E+38,1.68E+38,2.28E+38
1912,2.38E+25,1.25E+38,1.75E+38,2.38E+38
1913,2.48E+25,1.31E+38,1.83E+38,2.48E+38
1914,2.57E+25,1.36E+38,1.90E+38,2.58E+38
1915,2.66E+25,1.41E+38,1.97E+38,2.68E+38
1916,2.76E+25,1.46E+38,2.05E+38,2.78E+38
1917,2.85E+25,1.51E+38,2.12E+38,2.88E+38
1918,2.94E+25,1.57E+38,2.19E+38,2.98E+38
1919,3.04E+25,1.62E+38,2.27E+38,3.08E+38
1920,3.13E+25,1.67E+38,2.34E+38,3.18E+38
1921,3.26E+25,1.75E+38,2.45E+38,3.32E+38
1922,3.40E+25,1.82E+38,2.55E+38,3.47E+38
1923,3.53E+25,1.90E+38,2.66E+38,3.61E+38
1924,3.66E+25,1.98E+38,2.77E+38,3.75E+38
1925,3.80E+25,2.05E+38,2.87E+38,3.90E+38
1926,3.93E+25,2.13E+38,2.98E+38,4.04E+38
1927,4.06E+25,2.21E+38,3.09E+38,4.19E+38
1928,4.20E+25,2.28E+38,3.20E+38,4.34E+38
1929,4.33E+25,2.36E+38,3.30E+38,4.48E+38
1930,4.46E+25,2.44E+38,3.41E+38,4.63E+38
1931,4.65E+25,2.55E+38,3.57E+38,4.84E+38
1932,4.84E+25,2.66E+38,3.72E+38,5.05E+38
1933,5.03E+25,2.77E+38,3.87E+38,5.26E+38
1934,5.23E+25,2.88E+38,4.03E+38,5.47E+38
1935,5.42E+25,2.99E+38,4.18E+38,5.68E+38
1936,5.61E+25,3.10E+38,4.34E+38,5.89E+38
1937,5.80E+25,3.21E+38,4.50E+38,6.10E+38
1938,5.99E+25,3.33E+38,4.66E+38,6.32E+38
1939,6.18E+25,3.44E+38,4.81E+38,6.53E+38
1940,6.37E+25,3.55E+38,4.97E+38,6.75E+38
1941,6.64E+25,3.71E+38,5.20E+38,7.05E+38
1942,6.91E+25,3.87E+38,5.42E+38,7.36E+38
1943,7.19E+25,4.03E+38,5.65E+38,7.66E+38
1944,7.46E+25,4.19E+38,5.87E+38,7.97E+38
1945,7.73E+25,4.36E+38,6.10E+38,8.28E+38
1946,8.00E+25,4.52E+38,6.33E+38,8.59E+38
1947,8.28E+25,4.68E+38,6.56E+38,8.90E+38
1948,8.55E+25,4.85E+38,6.78E+38,9.21E+38
1949,8.82E+25,5.01E+38,7.02E+38,9.52E+38
1950,9.09E+25,5.18E+38,7.25E+38,9.84E+38
1951,9.48E+25,5.41E+38,7.57E+38,1.03E+39
1952,9.87E+25,5.64E+38,7.90E+38,1.07E+39
1953,1.03E+26,5.88E+38,8.23E+38,1.12E+39
1954,1.07E+26,6.11E+38,8.56E+38,1.16E+39
1955,1.10E+26,6.35E+38,8.89E+38,1.21E+39
1956,1.14E+26,6.59E+38,9.22E+38,1.25E+39
1957,1.18E+26,6.83E+38,9.56E+38,1.30E+39
1958,1.22E+26,7.07E+38,9.89E+38,1.34E+39
1959,1.26E+26,7.31E+38,1.02E+39,1.39E+39
1960,1.30E+26,7.55E+38,1.06E+39,1.43E+39
1961,1.36E+26,7.89E+38,1.10E+39,1.50E+39
1962,1.41E+26,8.23E+38,1.15E+39,1.56E+39
1963,1.47E+26,8.57E+38,1.20E+39,1.63E+39
1964,1.52E+26,8.92E+38,1.25E+39,1.69E+39
1965,1.58E+26,9.26E+38,1.30E+39,1.76E+39
1966,1.63E+26,9.61E+38,1.35E+39,1.83E+39
1967,1.69E+26,9.96E+38,1.39E+39,1.89E+39
1968,1.75E+26,1.03E+39,1.44E+39,1.96E+39
1969,1.80E+26,1.07E+39,1.49E+39,2.03E+39
1970,1.86E+26,1.10E+39,1.54E+39,2.09E+39
1971,1.94E+26,1.15E+39,1.61E+39,2.19E+39
1972,2.02E+26,1.20E+39,1.68E+39,2.28E+39
1973,2.10E+26,1.25E+39,1.75E+39,2.38E+39
1974,2.18E+26,1.30E+39,1.82E+39,2.47E+39
1975,2.26E+26,1.35E+39,1.89E+39,2.57E+39
1976,2.34E+26,1.40E+39,1.96E+39,2.67E+39
1977,2.42E+26,1.45E+39,2.04E+39,2.76E+39
1978,2.50E+26,1.50E+39,2.11E+39,2.86E+39
1979,2.58E+26,1.56E+39,2.18E+39,2.96E+39
1980,2.66E+26,1.61E+39,2.25E+39,3.05E+39
1981,2.77E+26,1.68E+39,2.35E+39,3.19E+39
1982,2.89E+26,1.75E+39,2.46E+39,3.33E+39
1983,3.00E+26,1.83E+39,2.56E+39,3.47E+39
1984,3.12E+26,1.90E+39,2.66E+39,3.61E+39
1985,3.23E+26,1.97E+39,2.76E+39,3.75E+39
1986,3.35E+26,2.05E+39,2.87E+39,3.89E+39
1987,3.46E+26,2.12E+39,2.97E+39,4.03E+39
1988,3.58E+26,2.20E+39,3.08E+39,4.18E+39
1989,3.69E+26,2.27E+39,3.18E+39,4.32E+39
1990,3.81E+26,2.35E+39,3.29E+39,4.46E+39
1991,3.97E+26,2.45E+39,3.44E+39,4.66E+39
1992,4.14E+26,2.56E+39,3.59E+39,4.87E+39
1993,4.30E+26,2.67E+39,3.74E+39,5.07E+39
1994,4.47E+26,2.78E+39,3.89E+39,5.28E+39
1995,4.63E+26,2.88E+39,4.04E+39,5.48E+39
1996,4.80E+26,2.99E+39,4.19E+39,5.69E+39
1997,4.96E+26,3.10E+39,4.34E+39,5.89E+39
1998,5.13E+26,3.21E+39,4.50E+39,6.10E+39
1999,5.29E+26,3.32E+39,4.65E+39,6.31E+39
2000,5.46E+26,3.43E+39,4.80E+39,6.52E+39
